CODESTREET;NAMESTREET;ABBR;CODECITY;ENABLED
298000002686;1986;ск;298000000002;1
298000000637;юафсияйне ьняяе;ск;298000000006;1
298000000862;анрюмхвеяйюъ;ск;298000000006;1
298000000728;цюцюпхмю;ск;298000000006;1
298000000580;йспнпрмюъ;ск;298000000006;1
298000000347;йспвюрнбю;ск;298000000006;1
298000000441;жбернвмюъ;ск;298000000013;1
298000002315;юаюгцюю;ск;298000000017;1
298000000685;юанбъмю;ск;298000000017;1
298000002317;цскхъ;ск;298000000017;1
298000002725;хмюк-хою;ск;298000000017;1
298000002424;хрпсянбши я-г;ск;298000000017;1
298000000529;кемхмю;ск;298000000017;1
298000000729;кеплнмрнбю;ск;298000000017;1
298000002297;лнпяйюъ;ск;298000000017;1
298000002613;опхлнпяйюъ;ск;298000000017;1
298000002292;осьйхмю;ск;298000000017;1
298000002566;яюер-мнбю;ск;298000000017;1
298000000905;яюър-мнбю;ск;298000000017;1
298000002193;яреомюъ;ск;298000000017;1
298000000730;рслюмъмю;ск;298000000017;1
298000000906;жхрпсянбши гюбнд;ск;298000000017;1
298000002032;жхрпсянбши я -г;ск;298000000017;1
298000002487;жхрпсянбши яюд;ск;298000000017;1
298000002421;жхрпсянбши я-г;ск;298000000017;1
298000002332;жхрпсянбши я/г;ск;298000000017;1
298000001239;жхрпсянбши янбунб;ск;298000000017;1
298000002151;жхрпсянбши янбунг;ск;298000000017;1
298000000530;жхрпсянбши я/у;ск;298000000017;1
298000002195;жшрпсянбши ябнбунг;ск;298000000017;1
298000000779;вепйеяяйюъ;ск;298000000017;1
298000002053;вйюкнбю;ск;298000000017;1
298000001044;ьюслъмю;ск;298000000017;1
298000002379;ьюсмъмю;ск;298000000017;1
298000000581;щьаю;ск;298000000017;1
298000002724;2-е нрд.орхжетюапхйх;ск;298000000017;1
298000002681;2-е нрд.орхжетюапхйх лнпяйюъ;ск;298000000017;1
298000000780;днапнбнкэжеб;ск;298000000021;1
298000002252;кюйнаю;ск;298000000021;1
298000000638;кемхмю;ск;298000000021;1
298000002707;оюпрхгюмяйюъ;ск;298000000021;1
298000002503;оеянвмюъ;ск;298000000021;1
298000000582;ьнкнунбю;ск;298000000021;1
298000000907;кюгаю;ск;298000000023;1
298000002108;аюцпюлъмю;ск;298000000031;1
298000000531;фекегмнднпнфмюъ;ск;298000000031;1
298000002164;йюлн;ск;298000000031;1
298000000954;йнкунгмюъ;ск;298000000031;1
298000002348;кеямюъ;ск;298000000031;1
298000001254;оеп. кеямюъ;оеп;298000000031;1
298000002620;оеп.йюлн;оеп;298000000031;1
298000002429;ьйнкэмюъ;ск;298000000031;1
298000002463;1-и оеп.кеямни;оеп;298000000031;1
298000002376;юплъмяйюъ;ск;298000000032;1
298000002227;щьаю 9;рсо;298000000038;1
298000000686;щьепяйюъ;ск;298000000038;1
298000000583;юафсияйне ьняяе;ск;298000000042;1
298000000483;юбхюцнпнднй;ск;298000000042;1
298000002671;аюасьюпяйюъ 3-ъ;ск;298000000042;1
298000002733;аюашьюпяйюъ 1-ъ;ск;298000000042;1
298000001137;аюашьюпяйюъ 3-ъ;ск;298000000042;1
298000001103;аюашьюпяйюъ 3-ъ 1 рсо;ск;298000000042;1
298000000687;аюашьхпяйюъ;ск;298000000042;1
298000002287;бнйгюкэмю;ск;298000000042;1
298000000348;бнйгюкэмюъ;ск;298000000042;1
298000002730;д.я.й;ск;298000000042;1
298000000955;д.я.й.;ск;298000000042;1
298000001175;дяй;ск;298000000042;1
298000000639;гбюмаю;ск;298000000042;1
298000002581;йюйнмхъ;ск;298000000042;1
298000001248;йнцнмхъ;ск;298000000042;1
298000002043;йнмнмхъ;ск;298000000042;1
298000002579;о-р аюасьюпю;ск;298000000042;1
298000002099;пшмнвмюъ;ск;298000000042;1
298000002387;1 аюашьюпяйюъ;ск;298000000042;1
298000002546;1 сюпвхмяйюъ;ск;298000000042;1
298000002689;1юъ аюашьюпяйюъ;ск;298000000042;1
298000002485;1-аюашьюпяйюъ;ск;298000000042;1
298000002746;1-сюпвхмяй;ск;298000000042;1
298000002492;5-аюашьюпяйюъ;ск;298000000042;1
298000002451;юдюлю усюде;ск;298000000047;1
298000002371;юдюлю-усюде;ск;298000000047;1
298000002091;юдюлн-уснде;ск;298000000047;1
298000000781;юояхкэяйюъ;ск;298000000047;1
298000002471;юплеияйюъ 4-и;оп-йр;298000000047;1
298000001176;юплеияйюъ 6-и;оп-йр;298000000047;1
298000002194;юякюмдгхъ;ск;298000000047;1
298000001045;аюрсляйюъ;ск;298000000047;1
298000000532;аюрсляйюъ 9 рсо;ск;298000000047;1
298000000989;аеякеряйюъ;ск;298000000047;1
298000001260;цбюпдяйюъ;ск;298000000047;1
298000002313;цпюбдяйюъ;ск;298000000047;1
298000000688;цслхярю;ск;298000000047;1
298000000484;цсляйюъ;ск;298000000047;1
298000002532;йнкэжебюъ;ск;298000000047;1
298000002382;йнкэжебюъ 1;оп-йр;298000000047;1
298000002285;йнкэжебюъ 1 оп;ск;298000000047;1
298000000731;мюгюдге;ск;298000000047;1
298000001125;назегдмюъ;ск;298000000047;1
298000000640;ондцнпмюъ 4;ск;298000000047;1
298000000388;ондцнпмюъ 4-юъ;ск;298000000047;1
298000000641;вюмаю;ск;298000000047;1
298000001169;вюмаю 4-юъ ондцнпмюъ;ск;298000000047;1
298000000863;ьйнкэмюъ;ск;298000000047;1
298000000829;4-юъ ондцнпмюъ;ск;298000000047;1
298000002623;юьуюпсю;ск;298000000050;1
298000001148;дпсфаш;ск;298000000050;1
298000000584;йюкхмхмю;ск;298000000050;1
298000000990;кюйнаю;ск;298000000050;1
298000002212;кюйнаюю;ск;298000000050;1
298000001149;лнкндефмюъ;ск;298000000050;1
298000002490;м. кюйнаю;ск;298000000050;1
298000002667;"я/г ""йюкхмхмю""";ск;298000000050;1
298000001306;я/г йюкхмхмю;ск;298000000050;1
298000002103;я/у йюкхмхмю;ск;298000000050;1
298000002573;ьюслъмю;ск;298000000050;1
298000000908;щьаю;ск;298000000050;1
298000002058;2036 йл.;ск;298000000050;1
298000000864;юьуюпсю;ск;298000000051;1
298000002436;юьуюпсю 1 оеп.;оеп;298000000051;1
298000000909;дпсфаю;ск;298000000051;1
298000002618;дпсфаю 2 оеп.;оеп;298000000051;1
298000001131;дпсфаш;ск;298000000051;1
298000001249;йнйняйепхъ;ск;298000000051;1
298000001250;йнйняйепхъ оеп. 1;оеп;298000000051;1
298000002675;йнмдфюпхъ;ск;298000000051;1
298000000956;кюйнаю;ск;298000000051;1
298000001307;кюйнаю 1-ши оеп.;оеп;298000000051;1
298000000957;лнкйнлокейя;ск;298000000051;1
298000001266;лнкндефмюъ;ск;298000000051;1
298000002535;я /унг.йюкхмхмю;ск;298000000051;1
298000001308;янбу.йюкхмхмю;ск;298000000051;1
298000002473;я.янямнкхебю 1-оеп.;оеп;298000000051;1
298000002523;я/у йюкхмхмю;ск;298000000051;1
298000000732;ьюслъмю;ск;298000000051;1
298000002337;ыюслъмю;ск;298000000051;1
298000000349;щьаю;ск;298000000051;1
298000001255;щьаю 3 оеп.;оеп;298000000051;1
298000002067;2036 йл;ск;298000000051;1
298000002370;2036 йл.;ск;298000000051;1
298000002505;анрюмхвеяйюъ;ск;298000000057;1
298000001090;цюцюпхмю;ск;298000000058;1
298000002158;м.люппю;ск;298000000058;1
298000002647;ясусляйюъ;ск;298000000058;1
298000002499;юдгшцеь;ск;298000000060;1
298000002196;юоямш;ск;298000000060;1
298000002448;гюпевмюъ;ск;298000000060;1
298000002419;кюйнаю;ск;298000000060;1
298000001046;пндмхйнбюъ;ск;298000000060;1
298000000830;ясусляйне ьняяе;ск;298000000060;1
298000002228;ьюслъмю;ск;298000000060;1
298000001321;ьйнкэмюъ;ск;298000000060;1
298000002472;щьепяйюъ;ск;298000000060;1
298000001141;цежпхоьяйюъ;ск;298000000067;1
298000000699;юафсияйне ьняяе;ск;298000000075;1
298000000744;анрюмхвеяйюъ;ск;298000000075;1
298000000540;бнем.ясу.днп.;ск;298000000075;1
298000001001;йнкэжебюъ;ск;298000000075;1
298000000918;кемхмю;ск;298000000075;1
298000000837;"я-м ""кемхмю""";ск;298000000075;1
298000001257;уежпхояйюъ;ск;298000000076;1
298000001294;уежпхоьяйюъ;ск;298000000076;1
298000002092;тюапхвмюъ;ск;298000000077;1
298000002093;жемрпюкэмюъ 1-и;рсо;298000000077;1
298000000873;юдшцеияйюъ;ск;298000000078;1
298000002244;юдшцеияйюъ 1 оп;ск;298000000078;1
298000002657;юдшцеияйюъ 5 оп-д;ск;298000000078;1
298000000361;юпжюу;ск;298000000078;1
298000002545;ацюмаю 7;оп-йр;298000000078;1
298000002238;агшаяйне ьняее;ск;298000000078;1
298000002580;агшаяйне ьняяе;ск;298000000078;1
298000002399;агшаяйне ьняяе 5;оп-йр;298000000078;1
298000002698;агшаяйне ьняяе 5;рсо;298000000078;1
298000002062;агшаяйне ьняяе 5 оп;ск;298000000078;1
298000002738;агшаяйне ьняяе 5 оп-д;ск;298000000078;1
298000002286;агшаяйне ьняяе 9;рсо;298000000078;1
298000002633;агшояйне ьняяе 5 оп;ск;298000000078;1
298000002249;ап. щгсцаюъ 12 оеп;ск;298000000078;1
298000002616;апюрэеб ггсцаюъ 14;оп-йр;298000000078;1
298000002407;апюрэеб сгсцаюъ 12 оп-д;ск;298000000078;1
298000000602;апюрэеб щгсцаюъ;ск;298000000078;1
298000002682;апюрэеб щгсцаюъ 14;оп-йр;298000000078;1
298000002291;апюрэеб щгсцаюъ 14 оп;ск;298000000078;1
298000002524;апюрэеб щгсцаюъ 14-и;оп-йр;298000000078;1
298000001127;апюрэеб щгсцаюъ 15 оп;ск;298000000078;1
298000001132;апюрэеб щгсцаюъ 15-и;оп-йр;298000000078;1
298000000919;апюрэеб щгсцаюъ 3-и;оп-йр;298000000078;1
298000002434;"цняунг ""ясарпнохй""";ск;298000000078;1
298000002576;цняунг ясарпнохй;ск;298000000078;1
298000001241;цнвсю;ск;298000000078;1
298000002163;цнвсю 2 рсо;ск;298000000078;1
298000002652;фдюмнбю;ск;298000000078;1
298000002213;хьепяйюъ;ск;298000000078;1
298000002207;йнкэжебюъ;ск;298000000078;1
298000000496;мнъбжебю;ск;298000000078;1
298000002231;опхпевмюъ;ск;298000000078;1
298000002041;щгсцаюъ;ск;298000000078;1
298000000654;щьаю;ск;298000000078;1
298000000362;щьепяйюъ;ск;298000000078;1
298000002369;щьепяйюъ 1 оп-д;ск;298000000078;1
298000002513;щьепяйюъ 1-и;оп-йр;298000000078;1
298000002621;щьепяйюъ 2- и;рсо;298000000078;1
298000002703;щьепяйюъ 2 оп-д;ск;298000000078;1
298000002065;щьепяйюъ 2-и;оп-йр;298000000078;1
298000002183;щьепяйюъ 2-и;опнегд;298000000078;1
298000002502;щьепяйюъ 2-и;рсо;298000000078;1
298000001251;щьепяйюъ 3;оп-йр;298000000078;1
298000002138;щьепяйюъ 3-и;рсо;298000000078;1
298000002459;щьепяйюъ 4;оп-йр;298000000078;1
298000002496;щьепяйюъ 4;опнегд;298000000078;1
298000002166;щьепяйюъ 4-и;оп-йр;298000000078;1
298000000874;щьепяйюъ 6;рсо;298000000078;1
298000002582;щьепяйюъ 6 рсо;ск;298000000078;1
298000002414;щьепяйюъ 8 оп;ск;298000000078;1
298000002338;щьепяйюъ 9;оп-йр;298000000078;1
298000002188;щьепяйюъ 9;рсо;298000000078;1
298000002149;щьепяйюъ 9 оп;ск;298000000078;1
298000002250;щьепяйюъ 9 рсо;ск;298000000078;1
298000002612;юояхияйюъ;ск;298000000086;1
298000002443;юояхкэяйюъ;ск;298000000086;1
298000000745;юояхкэяйюъ 1-и;рсо;298000000086;1
298000000497;юояхкэяйюъ. 2;рсо;298000000086;1
298000002039;юояхкэяйюъ 2;рсо;298000000086;1
298000002512;юояхкэяйюъ 2-и;рсо;298000000086;1
298000002715;юояхкэяйюъ 3;рсо;298000000086;1
298000002139;юояхкэяйюъ 4-и;оп-йр;298000000086;1
298000001275;юояхкэяйне ьняяе;ск;298000000086;1
298000000603;юояхкэяйне ьняяе 2-и;рсо;298000000086;1
298000000655;бюбхкнбю;ск;298000000086;1
298000002281;гекемюъ;ск;298000000086;1
298000002199;онаедш;ск;298000000086;1
298000002389;яхмнояйне сыекэе;ск;298000000086;1
298000002060;яхмнояйни сыекэе;ск;298000000086;1
298000002187;9 люъ;ск;298000000086;1
298000002288;юафсияйне ьняяе;ск;298000000089;1
298000002283;бепумъъ;ск;298000000089;1
298000002383;бнйгюкэмюъ;ск;298000000089;1
298000000746;цюцюпхмю;ск;298000000089;1
298000000541;ея-юцкш;ск;298000000089;1
298000000963;ея-нцкш;ск;298000000089;1
298000001280;гбюлаю;ск;298000000089;1
298000000964;гбюмаю;ск;298000000089;1
298000000747;х. ьюлхкъ;ск;298000000089;1
298000000604;хлюлю ьюлхкъ;ск;298000000089;1
298000000542;хл.ьюлхкъ;ск;298000000089;1
298000000920;х.ьюлхкъ;ск;298000000089;1
298000000965;йпхбюъ;ск;298000000089;1
298000001002;йспвемйн;ск;298000000089;1
298000002335;л;ск;298000000089;1
298000000401;м.люппю;ск;298000000089;1
298000001309;онаедш;ск;298000000089;1
298000000748;ондцнпмюъ;ск;298000000089;1
298000000498;ясусляйюъ;ск;298000000089;1
298000001287;ьюлхкъ;ск;298000000089;1
298000002144;лунмдфхъ;ск;298000000090;1
298000002719;юлоюп 2 оеп.;оеп;298000000091;1
298000001104;.;ск;298000000095;1
298000002345;лхвспхмю рсо;ск;298000000109;1
298000000499;йюбйюгяйюъ;ск;298000000112;1
298000002415;2-и оеп. йняъмю;оеп;298000000112;1
298000002522;2-ни оеп йняъмю;ск;298000000112;1
298000000543;юцпаю;ск;298000000113;1
298000002526;юдюлхъ;ск;298000000113;1
298000001059;юоямш;ск;298000000113;1
298000002468;бедем б аюгс яйюмепнл.;ск;298000000113;1
298000002585;бхмнцпюдмюъ;ск;298000000113;1
298000000544;йняъм;ск;298000000113;1
298000001157;йняъм ю.м;ск;298000000113;1
298000000363;йняъм ю.м.;ск;298000000113;1
298000001138;йняъмю;ск;298000000113;1
298000002661;кеямюъ;ск;298000000113;1
298000001003;лсйаю;ск;298000000113;1
298000002603;мюцнпмюъ;ск;298000000113;1
298000002557;мюгюдге;ск;298000000113;1
298000000795;мнгюдге;ск;298000000113;1
298000002331;опхлнпяйюъ;ск;298000000113;1
298000002182;певмюъ;ск;298000000113;1
298000002601;певмне;ск;298000000113;1
298000001302;пшагюбндяйюъ;ск;298000000113;1
298000000500;юаюгхмяйюъ;ск;298000000118;1
298000000402;цюцюпхмю;ск;298000000118;1
298000000545;цюцпхмяйне ьняяе;ск;298000000118;1
298000000403;дгхдгюпхъ;ск;298000000118;1
298000000501;йхярпхйяйюъ;ск;298000000118;1
298000000921;кюйнаю;ск;298000000118;1
298000002395;ьюйпшк;ск;298000000118;1
298000000606;23 хчкъ;ск;298000000118;1
298000002186;б.я.д.;ск;298000000119;1
298000002184;йюлн;ск;298000000119;1
298000002495;рслюмъмю;ск;298000000119;1
298000000656;юадфсяйне ьняяе;ск;298000000123;1
298000000364;юаф. ьняяе;ск;298000000123;1
298000000607;юафсияйюъ;ск;298000000123;1
298000000546;юафсияйне ьняяе;ск;298000000123;1
298000002728;юафсияйне ьняяе 2;оп-йр;298000000123;1
298000000796;юаф.ьняяе;ск;298000000123;1
298000001235;аюцюфъьряйюъ;ск;298000000123;1
298000001060;анрюмхвеяйюъ;ск;298000000123;1
298000002230;анрюмхвеяйюъ 3;рсо;298000000123;1
298000002674;бнеммюъ ясусляйюъ днпнцю 4;рсо;298000000123;1
298000002386;бнеммн-ясусляйюъ;ск;298000000123;1
298000000966;бнеммн-ясусляйюъ д.;ск;298000000123;1
298000002145;бнемн-ясляйюъ днпнцю 3;рсо;298000000123;1
298000001061;бнем.ясу.днп.;ск;298000000123;1
298000002047;бнем.ясусл.днп.;ск;298000000123;1
298000000657;бнем.ясусл.днпнцю;ск;298000000123;1
298000002455;бнйгюкэмюъ;ск;298000000123;1
298000000457;б.я.д.;ск;298000000123;1
298000002360;б.я.щ;ск;298000000123;1
298000002665;дюкэяйюъ;ск;298000000123;1
298000000608;гюпевмюъ;ск;298000000123;1
298000002498;гюпевмюъ 3;рсо;298000000123;1
298000002697;гюпевмюъ 7;рсо;298000000123;1
298000002632;йнмярхрсжхх;ск;298000000123;1
298000001004;кеямюъ;ск;298000000123;1
298000000609;лъямхйнбю;ск;298000000123;1
298000002627;лъямхйнбю 2;рсо;298000000123;1
298000002168;лъямхйнбю 2 рсо;ск;298000000123;1
298000002248;оюпмюср;ск;298000000123;1
298000002260;онаедш;ск;298000000123;1
298000000967;ондцнпмюъ;ск;298000000123;1
298000002269;опхлнпяйюъ;ск;298000000123;1
298000000875;оуюгюпхъ;ск;298000000123;1
298000000404;оуюгюпхъ 2-и;рсо;298000000123;1
298000002216;рслюмъмю;ск;298000000123;1
298000002734;юаюгцюю;ск;298000000127;1
298000001245;бнгпнфдемхъ;ск;298000000137;1
298000002625;реухмяйюъ;ск;298000000137;1
298000002169;аюяюпхъ;ск;298000000139;1
298000002656;хл.ьюлхкъ;ск;298000000142;1
298000001318;опхцкюьемю б нтхя;ск;298000000150;1
298000000658;юаюгхмяйюъ;ск;298000000152;1
298000002084;юцслюбю;ск;298000000152;1
298000000659;юдкеиаю;ск;298000000152;1
298000002264;юдкеиаш;ск;298000000152;1
298000002685;юдшцяйюъ;ск;298000000152;1
298000000876;юхююхпю;ск;298000000152;1
298000000749;юхююпю;ск;298000000152;1
298000002525;юхдцшкюпю;ск;298000000152;1
298000002458;юидцшкюпю;ск;298000000152;1
298000000922;юйюплюпяйюъ;ск;298000000152;1
298000001177;юкеиаю;ск;298000000152;1
298000000547;юлхваю;ск;298000000152;1
298000000660;юоямш;ск;298000000152;1
298000002152;юпдгшмаю;ск;298000000152;1
298000001165;юпдгшммаю;ск;298000000152;1
298000000923;юпкеаю;ск;298000000152;1
298000000701;юпьаю;ск;298000000152;1
298000000797;юьаю;ск;298000000152;1
298000000502;юьуюжюбю;ск;298000000152;1
298000000365;аюцюоь;ск;298000000152;1
298000000661;аюяюпхъ;ск;298000000152;1
298000001005;аецсю;ск;298000000152;1
298000000548;аеицсю;ск;298000000152;1
298000000549;бюимюуяйюъ;ск;298000000152;1
298000002692;бедем б аюгс яйюмепнл.;ск;298000000152;1
298000000877;бнпнмнбю;ск;298000000152;1
298000000924;бнпнмнбю оеп;ск;298000000152;1
298000000610;бнсаю;ск;298000000152;1
298000002310;цюаекхъ оеп1;ск;298000000152;1
298000000838;цюакхю;ск;298000000152;1
298000000750;цюакхъ;ск;298000000152;1
298000000458;цнцнкъ;ск;298000000152;1
298000000611;цнпэйнцн;ск;298000000152;1
298000000612;цсдюсряйюъ;ск;298000000152;1
298000000702;цскхю;ск;298000000152;1
298000000925;цскхъ;ск;298000000152;1
298000000926;цсояйюъ;ск;298000000152;1
298000000503;цспхю;ск;298000000152;1
298000001158;дюцеярюмяйюъ;ск;298000000152;1
298000000504;дюпяюкхъ;ск;298000000152;1
298000000927;дфнмсю;ск;298000000152;1
298000001310;дфносю;ск;298000000152;1
298000001167;г.йсвсаепхъ;ск;298000000152;1
298000002466;г.йсвсаеъ;ск;298000000152;1
298000000505;хмюк-хою;ск;298000000152;1
298000002347;йюаюпдхмяйюъ;ск;298000000152;1
298000002549;йюиаю;ск;298000000152;1
298000000928;йюоаю;ск;298000000152;1
298000000613;йюьаю;ск;298000000152;1
298000001159;йбхжхмхъ;ск;298000000152;1
298000002050;йбжхмхъ;ск;298000000152;1
298000000798;йнцнмхъ;ск;298000000152;1
298000000406;йнпрюбю;ск;298000000152;1
298000002741;йсвсаепхъ;ск;298000000152;1
298000000878;кюаюусю;ск;298000000152;1
298000000614;кюдюпхъ;ск;298000000152;1
298000001062;кюйнаю;ск;298000000152;1
298000000879;кюяспхъ;ск;298000000152;1
298000000550;кемхмю;ск;298000000152;1
298000001063;кенмю;ск;298000000152;1
298000000969;кнаюусю;ск;298000000152;1
298000000506;люуюдфхпнб;ск;298000000152;1
298000000751;лнйбяйюъ;ск;298000000152;1
298000000507;лнйбяйхи;ск;298000000152;1
298000000551;мюпрю;ск;298000000152;1
298000000407;мюпрнб;ск;298000000152;1
298000000459;нлюпахцлю;ск;298000000152;1
298000000460;оюоюяйхп;ск;298000000152;1
298000001006;оюоюяйхпх;ск;298000000152;1
298000000839;оювскхъ;ск;298000000152;1
298000000799;онпр;ск;298000000152;1
298000000970;осьйхмю;ск;298000000152;1
298000000840;рюлшьяйюъ;ск;298000000152;1
298000001064;рпсднбюъ;ск;298000000152;1
298000000408;тепл-гюбнд;ск;298000000152;1
298000002444;тля 55001;ск;298000000152;1
298000002185;унйепаю;ск;298000000152;1
298000000552;вюмаю;ск;298000000152;1
298000001319;вюпюъ;ск;298000000152;1
298000001007;вюваю;ск;298000000152;1
298000001100;вюваш;ск;298000000152;1
298000002326;вювню;ск;298000000152;1
298000002568;вювуюкхъ оеп.;оеп;298000000152;1
298000001295;ьюслъмю;ск;298000000152;1
298000000508;ьхмйсаю;ск;298000000152;1
298000000461;ьхмйсаю оеп 3;ск;298000000152;1
298000002714;ьхмйсаю оеп.3;оеп;298000000152;1
298000002051;ьхмйсаю оеп.5;оеп;298000000152;1
298000000409;ьхмйсаю 3;оеп;298000000152;1
298000002610;ьхмйсаю 3 оеп;ск;298000000152;1
298000002258;ьхмйсаю 3 оеп.;оеп;298000000152;1
298000002464;ьхмйсаш;ск;298000000152;1
298000001065;ыхмйсаю;ск;298000000152;1
298000002540;щьаю;ск;298000000152;1
298000002605;4 цн люпрю;ск;298000000152;1
298000002098;4 люпрю;ск;298000000152;1
298000001008;4-цн люпрю;ск;298000000152;1
298000002112;6;оеп;298000000152;1
298000002630;ьхмйсаю;ск;298000000153;1
298000002321;цюцюпхмю;ск;298000000165;1
298000001010;ясусляйне ьняяе;ск;298000000165;1
298000000842;рновъм;ск;298000000165;1
298000002111;ясусляйне ьняяе;ск;298000000168;1
298000002097;юафюияйне ьняяе;ск;298000000170;1
298000000411;юафсияйне ьняяе;ск;298000000170;1
298000002479;юафсияйне ьняяе 10;рсо;298000000170;1
298000000882;юаф.ьняее;ск;298000000170;1
298000000463;юаф.ьняяе;ск;298000000170;1
298000001166;юанбъм;ск;298000000170;1
298000000615;юанбъмю;ск;298000000170;1
298000000931;юау.ьняяе;ск;298000000170;1
298000000932;аюцюфюьряйюъ;ск;298000000170;1
298000000616;аюцюфеъьяйюъ;ск;298000000170;1
298000000933;аюцюфъьряйюъ;ск;298000000170;1
298000000510;аюцюфъьряяйюъ;ск;298000000170;1
298000000802;анцюфъьряйюъ;ск;298000000170;1
298000002593;ап йеяэъм;ск;298000000170;1
298000000973;ап.аеяъм;ск;298000000170;1
298000000974;ап.йеяэъм;ск;298000000170;1
298000000557;ап.йеяъм;ск;298000000170;1
298000002711;бедем б аюгс яйюмепнл.;ск;298000000170;1
298000000704;бнйгюкэмюъ;ск;298000000170;1
298000000753;цюцюпхмю;ск;298000000170;1
298000000617;цскхю;ск;298000000170;1
298000000368;цскхъ;ск;298000000170;1
298000000883;хл. ьюлхкъ;ск;298000000170;1
298000000412;хл.ьюлхкъ;ск;298000000170;1
298000002440;йп.йеяэъм;ск;298000000170;1
298000000803;лнкндефмюъ;ск;298000000170;1
298000002541;лнкнд╗фмюъ;ск;298000000170;1
298000002175;лнпяйюъ;ск;298000000170;1
298000000511;мюаепефмюъ;ск;298000000170;1
298000000975;мюцнпмюъ;ск;298000000170;1
298000000804;м.люппю;ск;298000000170;1
298000000934;онаедш;ск;298000000170;1
298000001012;оьюояйюъ;ск;298000000170;1
298000000558;пьрсмх;ск;298000000170;1
298000001013;п.щьрсмх;ск;298000000170;1
298000000559;янямнбюъ;ск;298000000170;1
298000001014;ясусляйюъ;ск;298000000170;1
298000002709;щ. пьрсмх;ск;298000000170;1
298000000976;щ.пьрсмх;ск;298000000170;1
298000001278;ю. аепгемхъ;ск;298000000184;1
298000000382;юаюгцнб;ск;298000000184;1
298000000383;юаюгхмяйюъ;ск;298000000184;1
298000002255;юаюгнб;ск;298000000184;1
298000001273;ю.аепгемхъ;ск;298000000184;1
298000000524;юафсияйюъ;ск;298000000184;1
298000002132;юагхмяйюъ;ск;298000000184;1
298000000823;юапюяйхк;ск;298000000184;1
298000000769;юапяйхк;ск;298000000184;1
298000001247;юхдцшкюпю;ск;298000000184;1
298000000770;юидцшкюпю;ск;298000000184;1
298000002346;юйюплюпяйюъ;ск;298000000184;1
298000002480;юйхпрюбю;ск;298000000184;1
298000002119;юк. юпьаю;ск;298000000184;1
298000000678;юкъаэебю;ск;298000000184;1
298000002402;юнфсмяйюъ;ск;298000000184;1
298000000724;юояхкнб;ск;298000000184;1
298000000824;юоямш;ск;298000000184;1
298000000950;юпцсм;ск;298000000184;1
298000000433;юпдгхмаю;ск;298000000184;1
298000000679;юпьаю;ск;298000000184;1
298000002167;аюяюпхъ;ск;298000000184;1
298000001034;ап.люрсю;ск;298000000184;1
298000002026;бедем б аюгс яйюмепнл.;ск;298000000184;1
298000002643;бк. юпдгхмаю;оп-йр;298000000184;1
298000000897;бк. юпдгхмаю;ск;298000000184;1
298000000951;бк. юпдгхмаю .;ск;298000000184;1
298000000898;бкюдхякюбю юпдгхмаю;ск;298000000184;1
298000000775;бк.юпдгхмаю;оп-йр;298000000184;1
298000000771;бк.юпдгхмаю;ск;298000000184;1
298000000434;бк.юпдхмаю;ск;298000000184;1
298000000825;бк.юпсгхмаю;ск;298000000184;1
298000001078;ц. йбейбеяйхпх;ск;298000000184;1
298000000772;цедфхпяйюъ;ск;298000000184;1
298000000680;ц.йбейбеяйбхпх;ск;298000000184;1
298000000384;ц.йбейбеяйхпх;ск;298000000184;1
298000000435;ц.йбейбхяйхпх;ск;298000000184;1
298000002362;цнцнкебяйюъ;ск;298000000184;1
298000000479;цнпэйнцн;ск;298000000184;1
298000002358;цпханеднбю;ск;298000000184;1
298000000773;цскхъ;ск;298000000184;1
298000002162;декаю;ск;298000000184;1
298000000436;дгхдгюпхъ;ск;298000000184;1
298000001174;дгхмдгюпхъ;ск;298000000184;1
298000000576;дпсфаю;ск;298000000184;1
298000002289;дпсфаш;ск;298000000184;1
298000001035;д.жсксйхъ;ск;298000000184;1
298000002533;й. вювуюкхъ;ск;298000000184;1
298000002095;й. вювункхъ;ск;298000000184;1
298000002277;й. внвункхъ;ск;298000000184;1
298000000858;йюаюпдхмяйю;ск;298000000184;1
298000000986;йюаюпдхмяйюъ;ск;298000000184;1
298000000826;йбейбеяйхпх;ск;298000000184;1
298000000859;йхюпюг;ск;298000000184;1
298000002484;йнцнмхъ;ск;298000000184;1
298000000899;й.вюкуюкхъ;ск;298000000184;1
298000001079;й.вювуюкхъ;ск;298000000184;1
298000000987;кюаюусю;ск;298000000184;1
298000000480;кюйнаю;ск;298000000184;1
298000001095;кюяспхъ;ск;298000000184;1
298000002170;кеямни;оп-йр;298000000184;1
298000002208;л. ьнбцемнбю;ск;298000000184;1
298000001036;люуюдфхпнб;ск;298000000184;1
298000001080;лхпю;оп-йр;298000000184;1
298000000827;лнйпхмяйнцн;ск;298000000184;1
298000000774;л.ьюбцемнбю;ск;298000000184;1
298000000525;л.ьнбцемнбю;ск;298000000184;1
298000002561;мюцнммюъ;ск;298000000184;1
298000001037;мюцнпмюъ;ск;298000000184;1
298000001119;мюцнпмши;рсо;298000000184;1
298000002588;мюпдфес;ск;298000000184;1
298000002607;мюпдфуес;ск;298000000184;1
298000002717;мюпдвунс;ск;298000000184;1
298000000900;мюпрнб;ск;298000000184;1
298000002240;мнпдфуес;ск;298000000184;1
298000002602;нярпнбяйнцн;ск;298000000184;1
298000001038;оеп. мюцнпмши;оеп;298000000184;1
298000001039;оеп.мюцнпмши;оеп;298000000184;1
298000000681;охнмепяйюъ;ск;298000000184;1
298000001081;оп ябнандш;ск;298000000184;1
298000002562;п. вювуюкхъ;ск;298000000184;1
298000000901;п.вювуюкхъ;ск;298000000184;1
298000001101;я. декаю;ск;298000000184;1
298000002700;я. янямюкхебю;ск;298000000184;1
298000001162;я. 1-ъ аедхъ;ск;298000000184;1
298000001082;яюльхрнбюъ;ск;298000000184;1
298000000526;ябнандш;оп-йр;298000000184;1
298000000437;ябнандш;ск;298000000184;1
298000001124;ябнандш .;ск;298000000184;1
298000002716;ябнандш оеп.;оеп;298000000184;1
298000000776;ябнандш оп-р;ск;298000000184;1
298000000438;янямюкхебю;ск;298000000184;1
298000000777;янямнкхебю;ск;298000000184;1
298000002405;я.янямюкхебю;ск;298000000184;1
298000000778;ясусляйюъ;ск;298000000184;1
298000001040;рйсюпвюк;ск;298000000184;1
298000002428;рйсюпвюкяйне ьняяе;ск;298000000184;1
298000000577;ск. юафсияйюъ;ск;298000000184;1
298000001120;ж. кенмю;ск;298000000184;1
298000000952;ж.кенмю;ск;298000000184;1
298000000631;жсксйхъ;ск;298000000184;1
298000000902;вюклюг;ск;298000000184;1
298000000385;вювуюкхъ;ск;298000000184;1
298000001041;веунбю;ск;298000000184;1
298000002071;внвсю;ск;298000000184;1
298000000527;ьнбцемнбю;ск;298000000184;1
298000002320;щмепцерхйнб;ск;298000000184;1
298000000386;щт.щьаю;ск;298000000184;1
298000001083;щьаю;ск;298000000184;1
298000000725;2 оеп. ж.кенмю;оеп;298000000184;1
298000000828;2-и кеямни;опнегд;298000000184;1
298000000682;8 люпрю;ск;298000000184;1
298000000988;оуюгюпхъ;ск;298000000192;1
298000000579;дпсфаш;ск;298000000195;1
298000002059;фекегмнднпнфмюъ;ск;298000000195;1
298000002307;йюпэепмюъ;ск;298000000195;1
298000000632;мюцнпмюъ;ск;298000000195;1
298000000683;нйръапэяйюъ;ск;298000000195;1
298000002609;оеп. кемхмю;оеп;298000000195;1
298000002282;опхлнпяйюъ;ск;298000000195;1
298000002215;3-хи оеп. кюйнаю;оеп;298000000195;1
298000002073;юбхдгаю;ск;298000000217;1
298000002365;юбхдгаю 2;рсо;298000000217;1
298000002430;юбхдгаю 2 оеп;ск;298000000217;1
298000002678;юбхдгаю 2 оеп.;оеп;298000000217;1
298000002398;юбхдгаю 4 оеп;ск;298000000217;1
298000002589;юцпаю;ск;298000000217;1
298000002731;юоямш;ск;298000000217;1
298000000633;юплеияйюъ;ск;298000000217;1
298000002330;ап. щгсцаюъ;ск;298000000217;1
298000000726;ап. щгсцаюъ. 2-рс.;ск;298000000217;1
298000002327;ап. щгсцаюъ 4;рсо;298000000217;1
298000002256;апюрэеб оююаю 2 оеп.;оеп;298000000217;1
298000002209;апюрэеб оюоаю;ск;298000000217;1
298000002433;апюрэеб оюоаю 2 оеп;ск;298000000217;1
298000000634;апюрэеб щгсцаюъ;ск;298000000217;1
298000002688;апюрэеб щгсцаюъ 1 оп;ск;298000000217;1
298000000903;апюрэеб щгсцаюъ 2-и оеп.;оеп;298000000217;1
298000001102;ап.оюоаю;ск;298000000217;1
298000000953;ап.щгсцаюъ;ск;298000000217;1
298000002080;ап.щгсцаюъ 6 рсо;ск;298000000217;1
298000002226;цбюмдпю;ск;298000000217;1
298000002543;гюпевмюъ;ск;298000000217;1
298000002483;йхюпюг;ск;298000000217;1
298000002420;йнкэжебюъ;ск;298000000217;1
298000002357;йъуаю;ск;298000000217;1
298000002068;кюдюпхъ;ск;298000000217;1
298000000860;кемхмю;ск;298000000217;1
298000002527;кндюпхъ;ск;298000000217;1
298000001243;лекэгюбнд;ск;298000000217;1
298000000861;лекэгюбндяйюъ;ск;298000000217;1
298000000635;оюоаю;ск;298000000217;1
298000002037;ов-209 1 йл;ск;298000000217;1
298000002489;сюг-юаюю;ск;298000000217;1
298000001299;жхрпсянбюъ;ск;298000000217;1
298000000727;вепмнлнпяйюъ;ск;298000000217;1
298000002642;ьюслъмю;ск;298000000217;1
298000000387;щьепяйюъ;ск;298000000217;1
298000002427;щьепяйне ьняяе;ск;298000000217;1
298000002569;щьепяйне ьняяе 1 оп;ск;298000000217;1
298000002028;щьепяйне ьняяе1 оп;ск;298000000217;1
298000002662;юауюгяйюъ;ск;298000000218;1
298000000440;юдшцеияйюъ;ск;298000000218;1
298000002650;юдшцеияйюъ 10;рсо;298000000218;1
298000002740;юдшцеияйюъ 10 оеп;ск;298000000218;1
298000002120;юдшцеияйюъ 5;оп-йр;298000000218;1
298000002449;юдшцеияйюъ 5 оп-д;ск;298000000218;1
298000002225;юдшцеияйюъ 6;рсо;298000000218;1
298000002422;бхмнцпюдмюъ;ск;298000000218;1
298000000528;бхмнцпюдмюъ 2-и;рсо;298000000218;1
298000002394;цнпхияйюъ;ск;298000000218;1
298000002224;цскхъ;ск;298000000218;1
298000002615;цсляйюъ;ск;298000000218;1
298000002565;цсляйюъ 1 оп-д;ск;298000000218;1
298000002245;цсляйюъ 1-и;рсо;298000000218;1
298000002329;дюцеярюмяйюъ;ск;298000000218;1
298000001168;йюаюпдхмяйюъ;ск;298000000218;1
298000002316;йюаюпдхмяйюъ 6;рсо;298000000218;1
298000002279;йнкунгмюъ;ск;298000000218;1
298000002631;йнкунгмюъ 1;оп-йр;298000000218;1
298000002141;йнкунгмюъ 1-и;оп-йр;298000000218;1
298000001043;кюйнаю;ск;298000000218;1
298000002416;мюцнпмюъ;ск;298000000218;1
298000001096;нвюкемйн 1-и рсо;ск;298000000218;1
298000002172;яюднбюъ;ск;298000000218;1
298000000636;рпсднбюъ;ск;298000000218;1
298000000904;сашуяйюъ;ск;298000000218;1
298000002614;сашуяйюъ 3 рсо;ск;298000000218;1
298000000684;сашуяйюъ 3-и;рсо;298000000218;1
298000002359;тюапхвмюъ;ск;298000000218;1
298000002102;жсцспнбйю;ск;298000000218;1
298000002116;вепйеяяйюъ;ск;298000000218;1
298000001300;ьйнкэмюъ;ск;298000000218;1
298000001142;юбхюцнпнднй;ск;298000000226;1
298000002677;юбхнцнпнд;ск;298000000226;1
298000000915;юбхнцнпнднй;ск;298000000226;1
298000002242;юцпаю;рсо;298000000226;1
298000001056;юцпаю;ск;298000000226;1
298000001284;юдцюяйюъ;ск;298000000226;1
298000002265;юдгкюцюпйю;ск;298000000226;1
298000000916;юдшцяйю;ск;298000000226;1
298000000647;юдшцяйюъ;ск;298000000226;1
298000002530;юйхпрюбю;ск;298000000226;1
298000000995;юлоюп;ск;298000000226;1
298000002178;юлоюп 2 оеп.;оеп;298000000226;1
298000000693;юпаю;ск;298000000226;1
298000002453;юпдгемаю;ск;298000000226;1
298000000740;юпдгхмаю;ск;298000000226;1
298000000790;юпгхмаю;ск;298000000226;1
298000002177;юпяюск;ск;298000000226;1
298000001269;аюяюпхъ;ск;298000000226;1
298000002475;агшаяйюъ;ск;298000000226;1
298000002622;агшаяйне ьняяе;ск;298000000226;1
298000001232;ап. аюпжхж;ск;298000000226;1
298000002517;ап. дюолюбю;ск;298000000226;1
298000002114;ап. дюплюбю;ск;298000000226;1
298000000833;бюпдюмхъ;ск;298000000226;1
298000002046;бедем б аюгс яйюмепнл.;ск;298000000226;1
298000002271;б.кюйнаю;ск;298000000226;1
298000000356;бнгаю;ск;298000000226;1
298000000395;цюцюпхмю;ск;298000000226;1
298000000694;цюпжйхъ;ск;298000000226;1
298000001274;цюпжухъ;ск;298000000226;1
298000000450;цепнеб;оп-йр;298000000226;1
298000000537;цнаевхъ;ск;298000000226;1
298000001270;цнцнкъ;ск;298000000226;1
298000002599;цнп. дюплюбю;ск;298000000226;1
298000000791;цскхю;ск;298000000226;1
298000000490;цскхъ;ск;298000000226;1
298000002221;цслхмхярхмяйюъ;ск;298000000226;1
298000002061;цслхярхмяйюъ;ск;298000000226;1
298000002423;дюплюбю;ск;298000000226;1
298000002033;дфхпусю;ск;298000000226;1
298000001233;дфнмсю;ск;298000000226;1
298000002113;дгегюпхъ;ск;298000000226;1
298000000593;дгхдгюпхъ;ск;298000000226;1
298000002586;дгхгюпхъ;ск;298000000226;1
298000002261;днапнбкэжеб;ск;298000000226;1
298000000961;днапнбнкэжеб;ск;298000000226;1
298000000449;днчпнбнкэжеб;ск;298000000226;1
298000002519;фекегмнднпнфмюъ;ск;298000000226;1
298000000491;гсуаю;ск;298000000226;1
298000002391;йюгювхи оеп;ск;298000000226;1
298000000594;йюпрнгхъ;ск;298000000226;1
298000000595;йхюпю;ск;298000000226;1
298000000492;йхюпюг;ск;298000000226;1
298000002578;йхюпюу;ск;298000000226;1
298000002555;йхопюг;ск;298000000226;1
298000002253;йхярхпхйяйюъ;ск;298000000226;1
298000002624;йхярхпйяйюъ;ск;298000000226;1
298000000834;йхярпхйяйюъ;ск;298000000226;1
298000000741;йхярпхжйюъ;ск;298000000226;1
298000002361;йхрярпхйяйюъ;ск;298000000226;1
298000000648;йнбе;ск;298000000226;1
298000002520;йспсю;ск;298000000226;1
298000000792;кюдюпхъ;ск;298000000226;1
298000000596;кюйнаю;ск;298000000226;1
298000002701;кюйнае;ск;298000000226;1
298000000835;кеплнмрнбю;ск;298000000226;1
298000002644;лююм;ск;298000000226;1
298000000695;люпцюмхъ;ск;298000000226;1
298000001234;люъйнбяйнцн;ск;298000000226;1
298000000996;лнкндефмюъ;ск;298000000226;1
298000000649;лнкндефмъ;ск;298000000226;1
298000000696;лунмдфхъ;ск;298000000226;1
298000000493;мюгюдге;ск;298000000226;1
298000002218;мюпюрюю;ск;298000000226;1
298000002410;мюпрю;ск;298000000226;1
298000000997;мюпрюю;ск;298000000226;1
298000000697;мнбнютнмяйюъ;ск;298000000226;1
298000002233;нйръапэяйюъ;ск;298000000226;1
298000002336;нршпаю;ск;298000000226;1
298000000742;нвюлвхпяйюъ;ск;298000000226;1
298000002706;оеп. 3-и цнаевхъ;оеп;298000000226;1
298000002673;охкхъ;ск;298000000226;1
298000002699;оп-й. цепнеб;ск;298000000226;1
298000002486;оп-р. цепнеб;ск;298000000226;1
298000002704;осьйю;ск;298000000226;1
298000000451;осьйхмю;ск;298000000226;1
298000000357;я. юцюпюйх;ск;298000000226;1
298000002101;яюм. ярпнхрекэ;ск;298000000226;1
298000000597;яелепдфхебю;ск;298000000226;1
298000000452;ялшп;ск;298000000226;1
298000001143;янберяйюъ;ск;298000000226;1
298000000793;рюпмюбю;ск;298000000226;1
298000000494;рспцемебю;ск;298000000226;1
298000000794;уюпюгхъ;ск;298000000226;1
298000002048;жюпцсь;ск;298000000226;1
298000000396;вюцюбю;ск;298000000226;1
298000000358;вюлюцсю;ск;298000000226;1
298000001285;вюлаю;ск;298000000226;1
298000000598;вюмаю;ск;298000000226;1
298000000836;вюмаю 2 оеп.;оеп;298000000226;1
298000000453;вюваю;ск;298000000226;1
298000000998;ьюйпшк;ск;298000000226;1
298000000999;ьюлаю;ск;298000000226;1
298000002454;ьюопшк;ск;298000000226;1
298000001262;щьаю;ск;298000000226;1
298000002239;1 оеп. цсднс;оеп;298000000226;1
298000002739;1 оеп. люъйнбяйнцн;оеп;298000000226;1
298000002373;1 оеп.люъйнбяйнцн;оеп;298000000226;1
298000002378;1-и оеп. юлоюп;оеп;298000000226;1
298000002155;1-и оеп. цсднс;оеп;298000000226;1
298000002123;1-и оеп.юлоюп;оеп;298000000226;1
298000000870;16 люпрю;ск;298000000226;1
298000002683;2 хчкъ;ск;298000000226;1
298000002352;2 оеп. юлоюп;оеп;298000000226;1
298000000397;2 оеп. люъйнбяйнцн;оеп;298000000226;1
298000000698;2 оеп. люъйняйнцн;оеп;298000000226;1
298000002334;2 оеп. ялшп;оеп;298000000226;1
298000000495;23 хчкъ;ск;298000000226;1
298000002743;23 хъкч;ск;298000000226;1
298000002173;3 оеп. вюмаю;оеп;298000000226;1
298000002516;3 оеп.днапнбнкэжеб;оеп;298000000226;1
298000002558;3 оеп.вюмаю;оеп;298000000226;1
298000000538;30 яемръапъ;ск;298000000226;1
298000002147;30 яеръапъ;ск;298000000226;1
298000000871;4 люпрю;ск;298000000226;1
298000001263;4люпрю;ск;298000000226;1
298000002306;40 кер йнлянлнкю;ск;298000000226;1
298000000968;юпяюск;ск;298000000227;1
298000001281;йспнпрмюъ;ск;298000000227;1
298000000405;кюдюпхъ;ск;298000000227;1
298000000700;кюйнаю;ск;298000000227;1
298000001091;нпкхмне цмегдн;ск;298000000227;1
298000002413;юафсияйне ьняяе;ск;298000000236;1
298000000359;юаф.ьняяе;ск;298000000236;1
298000000962;юдфсияйне ьняяе;ск;298000000236;1
298000002521;ю/т йюбйюг;ск;298000000236;1
298000000454;аюрюмхвеяйюъ;ск;298000000236;1
298000000398;а-аюцюршп;ск;298000000236;1
298000001097;а.аюцаю;ск;298000000236;1
298000002368;ахцбюбю;ск;298000000236;1
298000000599;анрюмхвеяйюъ;ск;298000000236;1
298000002550;ап.щгсцаюъ;ск;298000000236;1
298000000650;д.ахцбюбю;ск;298000000236;1
298000001279;гюпевмюъ;ск;298000000236;1
298000002506;йюбйюг;ск;298000000236;1
298000000651;йнкжебюъ;ск;298000000236;1
298000000600;йнкэжебюъ;ск;298000000236;1
298000000399;йнмярхрсжхх;ок;298000000236;1
298000000539;йнмярхрсжхх;ск;298000000236;1
298000000455;йспнпрмюъ;ск;298000000236;1
298000000601;кемхмю;ск;298000000236;1
298000002324;онаедш;ск;298000000236;1
298000002592;яюм. кемхмю;ск;298000000236;1
298000002515;яюм.кемхмю;ск;298000000236;1
298000001000;"я-м ""кемхмю""";ск;298000000236;1
298000001292;я-м кемхмю;ск;298000000236;1
298000000652;я/м кемхмю;ск;298000000236;1
298000001170;я-м.кемхмю;ск;298000000236;1
298000002488;я.м.кемхмю;ск;298000000236;1
298000000743;вюмаю;ск;298000000236;1
298000000448;йспнрмюъ;ск;298000000239;1
298000000605;дгхдгюпхъ;ск;298000000241;1
298000002531;юаюдгхмяйюъ;ск;298000000254;1
298000000512;юаюгхмяйюъ;ск;298000000254;1
298000002143;юакеиаю 9;опнегд;298000000254;1
298000002417;юапшаю;оп-йр;298000000254;1
298000002241;юапшаю;ск;298000000254;1
298000002406;юапшаю оп-д;ск;298000000254;1
298000002481;юбхдгаю;оп-йр;298000000254;1
298000001015;юбхдгаю;ск;298000000254;1
298000002736;юбхдгаю оеп.;оеп;298000000254;1
298000000754;юбхдгаю оеп.1;оеп;298000000254;1
298000000413;юцпаю;ск;298000000254;1
298000000845;юцпсм;ск;298000000254;1
298000000935;юцслюю;ск;298000000254;1
298000002354;юцслюю оеп.;оеп;298000000254;1
298000000464;юцслюю 1-и;рсо;298000000254;1
298000000846;юдкеиаю;ск;298000000254;1
298000002202;юдкеиаю 1-и оеп.;оеп;298000000254;1
298000002342;юдкеиаю 2 рсо;ск;298000000254;1
298000002070;юдкеиаю 2-и;оп-йр;298000000254;1
298000002554;юдкеиаю 4 рсо;ск;298000000254;1
298000002121;юдкеиаю 4-и;рсо;298000000254;1
298000002251;юдкеиаю 5;оп-йр;298000000254;1
298000001105;юдкеиаю 5 рсо;ск;298000000254;1
298000002726;юдкеиаю 5-и;оп-йр;298000000254;1
298000001106;юдкеиаю 5-и;рсо;298000000254;1
298000000755;юдкеиаю 8 оп-д;ск;298000000254;1
298000001252;юдкеиаю 9-и;оп-йр;298000000254;1
298000000936;юдшцеияйюъ;ск;298000000254;1
298000000805;юдшцеияйюъ. 1;опнегд;298000000254;1
298000000465;юдшцеияйюъ 1;опнегд;298000000254;1
298000002351;юдшцеияйюъ 1-и;оп-йр;298000000254;1
298000002637;юдшцяйюъ;ск;298000000254;1
298000000513;юхююхпю;оп-йр;298000000254;1
298000001016;юхююхпю;ск;298000000254;1
298000000514;юхююхпю .;ск;298000000254;1
298000001172;юхююхпю оп;ск;298000000254;1
298000000414;юхююхпю оп-р;ск;298000000254;1
298000000415;юхдцшкюпю;ск;298000000254;1
298000000756;юидцшкюпю;ск;298000000254;1
298000001067;юидшкюпю;ск;298000000254;1
298000002276;юикцшкюпю;ск;298000000254;1
298000000618;юй. люппю;ск;298000000254;1
298000000560;юй. яюуюпнбю;ск;298000000254;1
298000000561;юй. яюунпнбю;ск;298000000254;1
298000000806;юйюделхйю люппю;ск;298000000254;1
298000000619;юйюделхйю яюуюпнбю;ск;298000000254;1
298000000705;юйхпрюбю;ск;298000000254;1
298000001017;юйхпьюбю;ск;298000000254;1
298000000466;юй.люппю;ск;298000000254;1
298000001128;юй.яюуюпнбю;ск;298000000254;1
298000002130;юкююхпю;оп-йр;298000000254;1
298000002467;юкююпхю;ск;298000000254;1
298000000416;юкюмяйюъ;ск;298000000254;1
298000002192;юкюмяйюъ 1;оп-йр;298000000254;1
298000000807;юкюмяйюъ 1;рсо;298000000254;1
298000001151;юкюмяйюъ 1 рсо;ск;298000000254;1
298000001092;юкюмяйюъ 1-и;рсо;298000000254;1
298000001018;юкюмяйюъ. 2;оеп;298000000254;1
298000001019;юкюмяйюъ 2;оеп;298000000254;1
298000000665;юкюмяйюъ 2;оп-йр;298000000254;1
298000000369;юкюмяйюъ 2;опнегд;298000000254;1
298000000417;юкюмяйюъ 2 оеп.;оеп;298000000254;1
298000002089;юкюмяйюъ 2 оп-д;ск;298000000254;1
298000000808;юкэанбю;ск;298000000254;1
298000000562;юлхваю;ск;298000000254;1
298000002057;юмююпхпю;ск;298000000254;1
298000002461;юмеуюжнбю;ск;298000000254;1
298000000563;юпцаю;ск;298000000254;1
298000000620;юпцсм;ск;298000000254;1
298000002651;юпдгхлаю;ск;298000000254;1
298000000757;юпдгхмаю;ск;298000000254;1
298000002737;юпдгхмаю б.ц.;ск;298000000254;1
298000000515;юпдгшаю;ск;298000000254;1
298000002400;юплеияйюъ;ск;298000000254;1
298000002636;юплеияйюъ 1;рсо;298000000254;1
298000000666;юплеияйхи;оп-йр;298000000254;1
298000002267;юплеияйхи;опнегд;298000000254;1
298000000621;юпжюу;ск;298000000254;1
298000000467;юпжюу 1;оеп;298000000254;1
298000000977;юпжюу 2-и оеп.;оеп;298000000254;1
298000002551;юпжюу 3 оеп;ск;298000000254;1
298000002296;юпжюу 3 оп-д;ск;298000000254;1
298000001114;юпжюу 3-и оеп;ск;298000000254;1
298000001146;юпжюу 3-и оеп.;оеп;298000000254;1
298000001093;юпжюу 3-иоеп;ск;298000000254;1
298000000758;юьуюжюбю;ск;298000000254;1
298000000667;юьуюжюбю 1 оп-д;ск;298000000254;1
298000000370;юьуюжюбю 1-и оп-д;ск;298000000254;1
298000001242;юьуюжюбю 2-и;опнегд;298000000254;1
298000002280;а. юдкеиаю;ск;298000000254;1
298000002457;аюцюфъьряйюъ;ск;298000000254;1
298000002691;аюцпюрю;ск;298000000254;1
298000001297;а.юдкеиаю;ск;298000000254;1
298000002634;а.юдкеиаю 1-и оп-д;ск;298000000254;1
298000000937;аюяюпхъ;ск;298000000254;1
298000001236;аюяпюхъ;ск;298000000254;1
298000000622;аюяяюпхъ;ск;298000000254;1
298000002447;аюрсляйюъ;ск;298000000254;1
298000002412;аюрсляйюъ 5;рсо;298000000254;1
298000002262;аюрсмяйюъ;ск;298000000254;1
298000002304;аюьйнпрюмярюмяйюъ;ск;298000000254;1
298000001303;аехцсюю;ск;298000000254;1
298000002476;аехцсюю 1 оеп.;оеп;298000000254;1
298000002263;аехцсюю 8-и оеп.;оеп;298000000254;1
298000000847;аеицсю 7 оеп.;оеп;298000000254;1
298000000938;аеицсюю;ск;298000000254;1
298000002385;аеицсюю 3 рсо;ск;298000000254;1
298000002270;аеицсюю 4-и оеп.;оеп;298000000254;1
298000002564;агшаяйне ьняя;ск;298000000254;1
298000001020;анпхяю юдкеиаю. 1;опнегд;298000000254;1
298000002137;ап. гюйрюпхъ;ск;298000000254;1
298000002083;апюрэеб гюмрюпхъ;ск;298000000254;1
298000000759;апюрэеб гюмрюпхъ 1-и;рсо;298000000254;1
298000002268;апюрэеб щгсцаюъ;ск;298000000254;1
298000002720;апюрэеб щгсцаюъ 14;оп-йр;298000000254;1
298000002456;ап.гюмрюпхъ;ск;298000000254;1
298000000516;ап.гюмрюпхъ 1-и;рсо;298000000254;1
298000002107;ап.гюмрюпхъ 5;рсо;298000000254;1
298000000418;ап.гюпрюпхлъ 1 рсо;ск;298000000254;1
298000002161;асамнбю;ск;298000000254;1
298000001107;асамнбни;ск;298000000254;1
298000000468;б;ск;298000000254;1
298000002165;б. юдкеиаю;ск;298000000254;1
298000000371;б. юпдгхмаю;ск;298000000254;1
298000000419;б. кюйнаю;ск;298000000254;1
298000000978;бюбхкнбю;ск;298000000254;1
298000002529;бюимюйяйюъ 2-;рсо;298000000254;1
298000002203;бюимюуяйюъ;ск;298000000254;1
298000002393;бюимюуяйюъ 2;рсо;298000000254;1
298000000706;бюимюуяйюъ 2 рсо;ск;298000000254;1
298000000668;бюимюуяйюъ 2-и;рсо;298000000254;1
298000000623;бюпдюмхъ;ск;298000000254;1
298000002198;б.юпдгхмаю;ск;298000000254;1
298000001068;бюяхкхъ кюйнаю;ск;298000000254;1
298000002190;б.асамнбни;ск;298000000254;1
298000000564;ббедемяйнцн;ск;298000000254;1
298000000517;ббедемяйнцн 642;ск;298000000254;1
298000001264;б.ц.юпдгхмаю;ск;298000000254;1
298000002031;бедем б аюгс яйюмепнл.;ск;298000000254;1
298000002639;бхмнцпюдмюъ;ск;298000000254;1
298000000669;б.кюйнаю;ск;298000000254;1
298000001160;бнпнмнбю;ск;298000000254;1
298000001161;цюяреккн;ск;298000000254;1
298000002611;цем. даюп;ск;298000000254;1
298000000707;цем.даюп;ск;298000000254;1
298000001069;цемепюкю даюп;ск;298000000254;1
298000000372;цнаевхъ;ск;298000000254;1
298000002696;цнцнкъ;ск;298000000254;1
298000002146;цнпю аюцпюрю;ск;298000000254;1
298000001021;цнвсю;ск;298000000254;1
298000000979;цскхю;ск;298000000254;1
298000002693;цскхярю;ск;298000000254;1
298000000624;цскхъ;ск;298000000254;1
298000000373;цслеъ;ск;298000000254;1
298000002411;цслхмхярхмяйюъ;ск;298000000254;1
298000000760;цслхярю;ск;298000000254;1
298000000420;цслхярю люяяхб;ск;298000000254;1
298000001022;цслхярю л-б;ск;298000000254;1
298000000708;цслхярхмяйюъ;ск;298000000254;1
298000001115;цслхярхмяйюъ 1 оп;ск;298000000254;1
298000002735;цслхярхвеяйюъ;ск;298000000254;1
298000001023;цсляйюъ;ск;298000000254;1
298000001173;дюцеярюмяйюъ;ск;298000000254;1
298000000939;дюцеярюмяйюъ 1-ши;оп-йр;298000000254;1
298000002229;дюцеярюмяйюъ 2;рсо;298000000254;1
298000002247;дюцеярюмяйюъ 2 оеп;ск;298000000254;1
298000001178;дюцеярюмяйюъ 2 рсо;ск;298000000254;1
298000002148;дюцеярюмяйюъ. 2-и;оп-йр;298000000254;1
298000002626;дюцеярюмяйюъ 2-и оп;ск;298000000254;1
298000000374;дюпяюкхъ;ск;298000000254;1
298000001258;дюпяюкхъ 1;рсо;298000000254;1
298000002729;дюпянмхъ;ск;298000000254;1
298000001024;даюп;ск;298000000254;1
298000000375;д.цскхъ;ск;298000000254;1
298000000518;деонбяйюъ;ск;298000000254;1
298000001070;деонбяйюъ 1;оп-йр;298000000254;1
298000002595;деонбяйюъ 1-юъ;ск;298000000254;1
298000000709;деонбяйюъ 1-и;оп-йр;298000000254;1
298000001071;деонбяйюъ 2-юъ;ск;298000000254;1
298000000884;деонбяйюъ 2-ъ;ск;298000000254;1
298000000809;деонбяйни 1;оп-йр;298000000254;1
298000000565;деонбяйни 1-и;оп-йр;298000000254;1
298000002302;деонбяйни 2-и;оп-йр;298000000254;1
298000002539;деонбяйни 2-и оп;ск;298000000254;1
298000002044;деплюмнбяйюъ;ск;298000000254;1
298000002045;дфюмаю;ск;298000000254;1
298000000670;дфекхъ;ск;298000000254;1
298000000421;дфнмсю;ск;298000000254;1
298000001025;дфносю;ск;298000000254;1
298000002176;дгхцсю 2;рсо;298000000254;1
298000000422;дгхдгюпхъ;ск;298000000254;1
298000002197;дгхдгюпхъ 1;рсо;298000000254;1
298000000885;дгхдгюпхъ 2;рсо;298000000254;1
298000002680;дгхдгюпхъ 2 рсо;ск;298000000254;1
298000001312;дгхмдгюпхъ;ск;298000000254;1
298000000376;дгхмдгюпхъ 2 рсо;ск;298000000254;1
298000000519;дгхмрюпхъ;ск;298000000254;1
298000002536;дхдгюпхъ;ск;298000000254;1
298000001253;еяемхмю;ск;298000000254;1
298000002694;еяемхмю ск;ск;298000000254;1
298000001108;фекегмнднпнфмюъ;ск;298000000254;1
298000000710;г агаяйхи;опнегд;298000000254;1
298000000886;гюпевмюъ;ск;298000000254;1
298000002038;гюпевмюъ 1;рсо;298000000254;1
298000002418;гюпевмюъ 1 оеп;ск;298000000254;1
298000002072;гюпевмюъ 1 оеп.;оеп;298000000254;1
298000001133;гюпевмюъ 1 рсо;ск;298000000254;1
298000002191;гюпевмюъ 1-и;рсо;298000000254;1
298000000377;гюпевмюъ 1-и оеп.;оеп;298000000254;1
298000001109;гюпевмюъ 1-и рсо;ск;298000000254;1
298000002160;гюпевмюъ 3-и оеп.;оеп;298000000254;1
298000000378;гюпевмши 1-и оеп;ск;298000000254;1
298000000566;гюпевмши 1-и оеп.;оеп;298000000254;1
298000000567;гюпевмши 1-ши оеп.;оеп;298000000254;1
298000002232;гювепмши 1-и оеп.;оеп;298000000254;1
298000000423;гбюмаю;ск;298000000254;1
298000002537;гекемюъ;ск;298000000254;1
298000000810;гьаю;ск;298000000254;1
298000000711;хл. ьюлхкъ;ск;298000000254;1
298000000811;хлюлю ьюлхкъ;ск;298000000254;1
298000000980;хл.ьюлхкъ;ск;298000000254;1
298000002278;хл.ыюлхкъ;ск;298000000254;1
298000000940;хмюк-хою;ск;298000000254;1
298000002323;хмюк-хою ск;ск;298000000254;1
298000002646;х.ьюлхкъ;ск;298000000254;1
298000000981;йюаюпдхмяйюъ;ск;298000000254;1
298000002397;йюаюпдхмяйюъ 1;оп-йр;298000000254;1
298000000671;йюаюпдхмяйюъ 1 оп;ск;298000000254;1
298000000712;йюаюпдхмяйюъ 1 оп-д;ск;298000000254;1
298000000469;йюаюпдхмяйюъ 2 рсо;ск;298000000254;1
298000000672;йюаюпдхмяйюъ 2-и;оп-йр;298000000254;1
298000000812;йюаюпдхмяйюъ 2-и;рсо;298000000254;1
298000002243;йюаюпдхмяйюъ 4-и;рсо;298000000254;1
298000000520;йюаюпдхмяйюъ 5;рсо;298000000254;1
298000000568;йюаюпдхмяйюъ 5-и;рсо;298000000254;1
298000002465;йюаюпдхмяйюъ 5-и рсо;ск;298000000254;1
298000000521;йюгювэъ;ск;298000000254;1
298000001116;йюгювэъ 1-и;оп-йр;298000000254;1
298000001139;йюгювэъ 1-и оеп.;оеп;298000000254;1
298000000673;йюклшйнбю;ск;298000000254;1
298000002153;йюпювюебяйюъ;ск;298000000254;1
298000000470;йюпрнгхъ;ск;298000000254;1
298000000713;йбхжхмхъ;ск;298000000254;1
298000000714;йхюпюг;ск;298000000254;1
298000002236;йхюпюг ск;ск;298000000254;1
298000002040;йхюпю3;ск;298000000254;1
298000000982;йлюпюг;ск;298000000254;1
298000000715;йнцнмхъ;ск;298000000254;1
298000002587;йндюпяйне ьняяе;ск;298000000254;1
298000000761;йнднпяйне ьняяе;ск;298000000254;1
298000002452;йнднпяйне ьняяе -665;ск;298000000254;1
298000000716;йнднпяйне ьняяе 665;ск;298000000254;1
298000002181;йнднпяйне ьпяяе 665;ск;298000000254;1
298000002732;йндняйне ьняяе 665;ск;298000000254;1
298000002366;йнкунгмюъ;ск;298000000254;1
298000002223;йнкунгмюъ 2-и;рсо;298000000254;1
298000002090;йнкунгмши 1 рсо;ск;298000000254;1
298000000471;йнмднпяйне ьняяе 665;ск;298000000254;1
298000000625;йнмтедепюкнб;ск;298000000254;1
298000000379;йнмтедепюрнб;ск;298000000254;1
298000002131;йнпрсю;ск;298000000254;1
298000002567;йпюямнюплеияйюъ;ск;298000000254;1
298000002500;йпюямнюплеияйхи рсо;ск;298000000254;1
298000001072;йпюямнлюъйяйюъ;ск;298000000254;1
298000001110;йпюямнлюъйяйюъ 2-и;рсо;298000000254;1
298000001179;йпюямнлюъйяйхи 2-ни рсо;ск;298000000254;1
298000002668;йпюямнлюъжйюъ;ск;298000000254;1
298000002363;кюцюхкюбю;ск;298000000254;1
298000000941;кюцбхкюбю;ск;298000000254;1
298000002126;кюцбхкнбю;ск;298000000254;1
298000002312;кюцхкюбю;ск;298000000254;1
298000001026;кюдюпхъ;ск;298000000254;1
298000000569;кюйепаюи;ск;298000000254;1
298000000887;кюйнаю;ск;298000000254;1
298000000848;кюяспхъ;ск;298000000254;1
298000000674;кюяспхъ оеп;ск;298000000254;1
298000000424;кенмю;опнегд;298000000254;1
298000000762;кенмю;ск;298000000254;1
298000002078;кенмю 1-и .;ск;298000000254;1
298000002100;кеямюъ;ск;298000000254;1
298000002234;л. юбхдгаю оеп.;оеп;298000000254;1
298000002559;л. йбюпжухъ;ск;298000000254;1
298000002274;л. йнбе;ск;298000000254;1
298000001027;л. убюпжйхъ;ск;298000000254;1
298000000425;л. убюпжйхъ 1-и оеп.;оеп;298000000254;1
298000000570;л. убюпжйхъ 2;оп-йр;298000000254;1
298000000813;л.юбхдгаю;ск;298000000254;1
298000002563;люпсуяйюъ;ск;298000000254;1
298000000571;люяяхб цслхярю;ск;298000000254;1
298000002377;люуюдфхпнб;ск;298000000254;1
298000002721;лювюбюпхюмх;ск;298000000254;1
298000001134;люъйяйюъ 2 рсо;ск;298000000254;1
298000000814;люъйяйхи 2-и оеп;ск;298000000254;1
298000000942;люъйяйхи 3-и оеп.;оеп;298000000254;1
298000002570;л-б. цслхярю;ск;298000000254;1
298000001265;л-б цслхярю;ск;298000000254;1
298000000815;л-б.цслхярю;ск;298000000254;1
298000001111;л.цслхярю;ск;298000000254;1
298000000853;лхпю;оп-йр;298000000254;1
298000002597;лхпю;ск;298000000254;1
298000000816;лхпю .;ск;298000000254;1
298000001129;лхпю оп;ск;298000000254;1
298000000888;лхпю оп-р;ск;298000000254;1
298000002470;лхвспхмю;ск;298000000254;1
298000001180;л.убюпжхъ 1 оеп;ск;298000000254;1
298000002653;л.убюпжйхъ;ск;298000000254;1
298000001028;л.убюпжйхъ 1 оеп;ск;298000000254;1
298000002104;л.убюпжйхъ 1иоп-д;ск;298000000254;1
298000000763;л.убюжйхъ 2 оп-д;ск;298000000254;1
298000002109;мюаепефмюъ п. аеякерш;ск;298000000254;1
298000002509;мюаепефмюъ пейх аеякерйх;ск;298000000254;1
298000000849;мюцнпмюъ;ск;298000000254;1
298000000850;мюгюдге;ск;298000000254;1
298000002594;мюгюдге 1 оеп;ск;298000000254;1
298000000851;мюгюдге 1 оеп.;оеп;298000000254;1
298000002497;мюгюдге 1-и оеп.;оеп;298000000254;1
298000001144;мюгюдге 1-и оп;ск;298000000254;1
298000000889;мюгюдге 1-ши оеп.;оеп;298000000254;1
298000001073;мюгюдге. 2;оеп;298000000254;1
298000000717;мюгюдге 2;оеп;298000000254;1
298000001304;мюгюдге 2 оеп;ск;298000000254;1
298000000943;мюгюдге 2 оеп.;оеп;298000000254;1
298000002372;мюгюдге 2-и;оп-йр;298000000254;1
298000000944;мюгюдге 2-и;рсо;298000000254;1
298000000764;мюгюдге 2-и оеп.;оеп;298000000254;1
298000002518;мюгюдге 2оеп;ск;298000000254;1
298000001074;мюгюдге 5-и;опнегд;298000000254;1
298000001029;мюгюдге 5-ши;оп-йр;298000000254;1
298000000626;н. аехцсюю;ск;298000000254;1
298000002654;н. аехцсюю 3 оеп.;оеп;298000000254;1
298000002742;н. аехцсюю 6-и оеп.;оеп;298000000254;1
298000001122;н. аехцсюю 8-и оеп.;оеп;298000000254;1
298000002482;н. аеицсюю;ск;298000000254;1
298000000852;н. аеицсюю 7-ни;оеп;298000000254;1
298000002105;н.аеицсюю;ск;298000000254;1
298000002340;н.аеицсюю 7 оеп.;оеп;298000000254;1
298000000890;н.аеицсюю 7-и оеп;ск;298000000254;1
298000002150;нпкхмне цмегдн;ск;298000000254;1
298000002445;нярпнслнбю;ск;298000000254;1
298000000817;нвюкемйн;ск;298000000254;1
298000002560;нвюкемйн 1;рсо;298000000254;1
298000001117;нвюкемйн 1-и;рсо;298000000254;1
298000001147;нвюкемйн 1-и рсо;ск;298000000254;1
298000002645;нвюкемйн 1-ши;рсо;298000000254;1
298000002641;нвюкемйн 3-и рсо;ск;298000000254;1
298000002294;оюоюяйхпх;ск;298000000254;1
298000002133;оюреиою;ск;298000000254;1
298000000522;оювскхъ;ск;298000000254;1
298000000718;оепбнлюияйюъ;ск;298000000254;1
298000002356;охбгюбндяйюъ 1;рсо;298000000254;1
298000001237;ондцнпмюъ 3-ъ;ск;298000000254;1
298000002687;онкебюъ;ск;298000000254;1
298000000472;онврнбюъ;ск;298000000254;1
298000001112;онврнбюъ 1 оеп;ск;298000000254;1
298000002284;онврнбюъ 1-и оеп;ск;298000000254;1
298000002375;онврнбши 1-и оеп.;оеп;298000000254;1
298000002054;онврнбши 2-и оеп.;оеп;298000000254;1
298000002157;оп юхююхпю;ск;298000000254;1
298000002066;оп-д рхрнбю;ск;298000000254;1
298000000380;опебнлюияйюъ;ск;298000000254;1
298000001030;опняоейр юхююхпю;ск;298000000254;1
298000002355;оп-р.юхююхпю;ск;298000000254;1
298000000818;осьйхмю;ск;298000000254;1
298000002339;п. юцпаю;ск;298000000254;1
298000002309;п. аеякерйю;мюа;298000000254;1
298000002695;певмюъ;ск;298000000254;1
298000002403;певмни;опнегд;298000000254;1
298000002074;певмни 1-и;опнегд;298000000254;1
298000002205;певмни 1-и оеп-й;ск;298000000254;1
298000002210;яюднбюъ;ск;298000000254;1
298000000983;яюмцюпяйюъ;ск;298000000254;1
298000000854;яюмвюпяйюъ;ск;298000000254;1
298000002333;яюмвюпяйхи;оп-йр;298000000254;1
298000000381;яюуюпнбю;ск;298000000254;1
298000001031;ябъгх;ск;298000000254;1
298000002710;ябъгх 2-ни оеп.;оеп;298000000254;1
298000000719;яебепмюъ;ск;298000000254;1
298000000572;яебепмши;оп-йр;298000000254;1
298000001075;яебепмши;опнегд;298000000254;1
298000002237;яебепмши оп;ск;298000000254;1
298000001282;яебепмши оп-д;ск;298000000254;1
298000001152;яекэяйюъ;ск;298000000254;1
298000001130;яекэяйхи;рсо;298000000254;1
298000000426;яелепдфхебю;ск;298000000254;1
298000000891;яелепдфхебю 2 оеп.;оеп;298000000254;1
298000002590;яелепдфхебю 2-и оеп.;оеп;298000000254;1
298000002322;яелепдфхебю 3-и оеп.;оеп;298000000254;1
298000002179;яелепдфхебю 4 оеп;ск;298000000254;1
298000000627;якюбъмяйюъ;ск;298000000254;1
298000002293;якюбъмяйхи оеп.;оеп;298000000254;1
298000002718;янкнбэебю 1-и;оп-йр;298000000254;1
298000001135;яонпрхбмюъ;ск;298000000254;1
298000000984;ярюмжхнммюъ;ск;298000000254;1
298000002712;ярюмжхнммюъ 1 оеп;ск;298000000254;1
298000002508;ярюмжхнммюъ 1 оеп.;оеп;298000000254;1
298000002350;ярюмжхнммюъ 1-и оеп.;оеп;298000000254;1
298000000523;ярюмжхнммюъ 1оеп.;оеп;298000000254;1
298000002273;ярюмжхнммши оеп.;оеп;298000000254;1
298000002204;ярюмжхнммши 1-и оеп.;оеп;298000000254;1
298000000819;ярсдемвеяйюъ;ск;298000000254;1
298000000855;рхрнбю;ск;298000000254;1
298000002435;рхрнбю 2 оп-д;ск;298000000254;1
298000000427;рхрнбю 2-и;оп-йр;298000000254;1
298000002635;рхрнбю 2-и оеп.;оеп;298000000254;1
298000000628;рхрнбю 2-ни;оп-йр;298000000254;1
298000002154;рхрнбю 3;рсо;298000000254;1
298000002085;рхрнбю 4;опнегд;298000000254;1
298000002222;рхрнбю 4-и;оп-йр;298000000254;1
298000002295;рхрнбю 4-ши оп-д;ск;298000000254;1
298000001305;рнммекэмюъ 2-ъ;ск;298000000254;1
298000000428;рпюмяонпрмюъ;ск;298000000254;1
298000000429;рпюоь;ск;298000000254;1
298000000430;рпюоь 1 рсо;ск;298000000254;1
298000000892;рпюоь 2;рсо;298000000254;1
298000002638;рпюоь 2 рсо;ск;298000000254;1
298000000675;рпюоь. 3;рсо;298000000254;1
298000001145;рпюоь 3 рсо;ск;298000000254;1
298000002504;рпсднбни;оп-йр;298000000254;1
298000002591;рпсднбни оп;ск;298000000254;1
298000001320;сашуяйюъ;ск;298000000254;1
298000000820;ск йхюпюг;ск;298000000254;1
298000000473;сякюпю;ск;298000000254;1
298000000765;тюапхвмюъ;ск;298000000254;1
298000000893;теярхбюкэмюъ 1-юъ;ск;298000000254;1
298000000629;теярхбюкэмюъ 1-ъ;ск;298000000254;1
298000002425;уюпюмхъ оп-д;ск;298000000254;1
298000002367;уюпюмхъ 1;рсо;298000000254;1
298000002511;уюпюмхъ 1-и рсо;ск;298000000254;1
298000001271;убюпжйхъ 2-ни оп-д;ск;298000000254;1
298000002408;вюаюм 4;рсо;298000000254;1
298000000766;вюклюг;ск;298000000254;1
298000002257;вюлюг;ск;298000000254;1
298000000720;вюмаю;ск;298000000254;1
298000001094;вюмаю 1 оеп;ск;298000000254;1
298000001153;вюмаю 1-и оеп.;оеп;298000000254;1
298000002577;вюмаю 6-и оеп.;оеп;298000000254;1
298000000474;вюваю;ск;298000000254;1
298000000676;вювуюкхъ;ск;298000000254;1
298000001032;вювуюкхъ оеп.;оеп;298000000254;1
298000002220;вювуюкхъ 1-и;рсо;298000000254;1
298000000945;вепйеяяйюъ;ск;298000000254;1
298000002664;вепйеяяйюъ 1-и;рсо;298000000254;1
298000002301;вепмъбяйнцн;ск;298000000254;1
298000002462;веунбю;ск;298000000254;1
298000000767;внвсю;ск;298000000254;1
298000000856;всйаюп;ск;298000000254;1
298000001136;всйаюп 2-и;рсо;298000000254;1
298000000630;всйаюп 2-и оеп.;оеп;298000000254;1
298000001154;всйаюп 2-и рсо;ск;298000000254;1
298000000573;ь. хмюк-хою;ск;298000000254;1
298000001140;ьюоясцяйюъ;ск;298000000254;1
298000001298;ьюоясцяйхи;опнегд;298000000254;1
298000002441;ьюоясцяйхи 1;рсо;298000000254;1
298000000894;ь.хмюк-хою;ск;298000000254;1
298000001313;ьйнкэмюъ 1;рсо;298000000254;1
298000002118;ьняяеимши 3-и;оп-йр;298000000254;1
298000002311;ьняяеимши 3-и оп-д;ск;298000000254;1
298000002214;ьняяеимши 5-и оеп.;оеп;298000000254;1
298000001123;ьняяеимши 5-и оп;ск;298000000254;1
298000002494;ьнрдюмдяйюъ;ск;298000000254;1
298000002325;ьнркюмдяйюъ;ск;298000000254;1
298000000821;ыецкнбю;ск;298000000254;1
298000002450;щлсубюпх 1;рсо;298000000254;1
298000001181;щлсубюпх 2-и;оп-йр;298000000254;1
298000001076;щьаю;ск;298000000254;1
298000000822;щьаю 1;оеп;298000000254;1
298000001289;щьаю. 1 оеп.;оеп;298000000254;1
298000002507;щьаю 1 оеп;ск;298000000254;1
298000001246;щьаю 1 оеп.;оеп;298000000254;1
298000002259;щьаю 1 рсо;ск;298000000254;1
298000000946;щьаю. 3;опнегд;298000000254;1
298000000768;щьаю 3;оп-йр;298000000254;1
298000002254;щьаю 3 оеп;ск;298000000254;1
298000002318;щьаю 3 оп-д 3 оеп;ск;298000000254;1
298000000947;щьаю 3 рсо;ск;298000000254;1
298000000431;щьаю 3-и;оп-йр;298000000254;1
298000002556;щьаю 3-и оеп.;оеп;298000000254;1
298000000985;щьаю. 4;оеп;298000000254;1
298000000948;щьаю. 4;рсо;298000000254;1
298000000677;щьаю 4;оеп;298000000254;1
298000000895;щьаю 4;рсо;298000000254;1
298000000857;щьае;ск;298000000254;1
298000000432;щьаш;ск;298000000254;1
298000002658;щьепяйюъ 2;ск;298000000254;1
298000001113;щьепяйюъ 2-юъ;ск;298000000254;1
298000001118;щьепяйюъ 2-ъ;ск;298000000254;1
298000002628;щыаю;ск;298000000254;1
298000000574;ч. бнпнмнбю;ск;298000000254;1
298000000721;ч.бнпнмнбю;ск;298000000254;1
298000002690;1 деонбяйюъ;ск;298000000254;1
298000002211;1- гюпевмши оеп.;оеп;298000000254;1
298000002477;1 гюпевмши оеп.;оеп;298000000254;1
298000002442;1 оеп щьаю;ск;298000000254;1
298000002159;1 ярюмжхнммши оеп.;оеп;298000000254;1
298000002171;1-юъ деонбяйюъ;ск;298000000254;1
298000002723;1-и гюпевмши оеп.;оеп;298000000254;1
298000000575;1и гюпевмши оеп.;оеп;298000000254;1
298000001259;1-и люъйнбяйхи;рсо;298000000254;1
298000000475;1-и нвюкемйн;рсо;298000000254;1
298000000896;1-ши апюрэеб гюмрюпхъ;рсо;298000000254;1
298000002035;1-ши люъйнбяйхи;рсо;298000000254;1
298000001182;1-ши ярюмжхнммши;ск;298000000254;1
298000002299;1-ъ деонбяйюъ;ск;298000000254;1
298000002640;2 люъйяйхи;рсо;298000000254;1
298000002128;2 оеп. мюгюдге;оеп;298000000254;1
298000002219;2 оеп ябъгх;ск;298000000254;1
298000002064;2 оп-д рхрнбю;ск;298000000254;1
298000002727;2-юъ деонбяйюъ;ск;298000000254;1
298000000476;2-юъ щьепяйюъ;ск;298000000254;1
298000000477;2-ни онцпсгнвмши рсп;ск;298000000254;1
298000002349;2.онцпсгнвмши;рсо;298000000254;1
298000000722;3-и оп-д юьуюжюбю;ск;298000000254;1
298000000478;30 яемръапъ;ск;298000000254;1
298000001077;4 люпрю;ск;298000000254;1
298000000723;4-цн люпрю;ск;298000000254;1
298000001283;4-и юплеияйхи;оп-йр;298000000254;1
298000002319;5-и ьняяеимши оп-д;ск;298000000254;1
298000001033;7-и аехцсюю;оеп;298000000254;1
298000000949;8 люпрю;ск;298000000254;1
298000000800;юцюпаю;ск;298000000255;1
298000001009;юцпаю;ск;298000000255;1
298000002343;агшаяйюъ;ск;298000000255;1
298000002380;агшаяйхи;рсо;298000000255;1
298000002606;цнвсю;ск;298000000255;1
298000002140;йхпохвмши гюбнд;ск;298000000255;1
298000001311;окелянбунг;ск;298000000255;1
298000002619;опхлнпяйюъ;ск;298000000255;1
298000002437;тюапхвмюъ;ск;298000000255;1
298000000929;жхрпсянбши янбунг;ск;298000000255;1
298000000752;2-е нрд. жхрп. янбунгю;ск;298000000255;1
298000000841;2-е нрдекемхе жхрпсянбнцн янбунгю;ск;298000000255;1
298000000930;2-е нрдек.жхрпсянбнцн г-дю;ск;298000000255;1
298000001267;2-е жхрпсянбне нрд.;ск;298000000255;1
298000002174;2-не нрд.жхрпсянбнцн г-дю;ск;298000000255;1
298000002679;2-не жхрпсянбне нрд.;ск;298000000255;1
298000002086;2-не жхрпсянбне нрд. я/г;ск;298000000255;1
298000000880;2-нрд.жхрпсянбши янбунг;ск;298000000255;1
298000002042;щьепяйюъ 8;опнегд;298000000259;1
298000000355;осьйхмю;ск;298000000262;1
298000000485;юаюцюю;ск;298000000264;1
298000000782;юаюгцюю;ск;298000000264;1
298000002122;юаюгцюю 2-оеп;ск;298000000264;1
298000002596;юаюяйюю;ск;298000000264;1
298000000865;юагцюю;ск;298000000264;1
298000001047;юбхдгаю;ск;298000000264;1
298000000486;юдшцюю;ск;298000000264;1
298000001301;юдшцюю 1;рсо;298000000264;1
298000002648;юдшцюю 1-;рсо;298000000264;1
298000002542;юдшцюю 3 оеп;ск;298000000264;1
298000002404;юдшцюю 3 оеп.;оеп;298000000264;1
298000002669;юдшцюю 5-;оеп;298000000264;1
298000000866;юкэохияйюъ;ск;298000000264;1
298000000991;юоеую-кенмю;ск;298000000264;1
298000001121;юоямш;ск;298000000264;1
298000000958;юоямш 1-оепйскнй;ск;298000000264;1
298000002478;юояую кенм;ск;298000000264;1
298000001048;юояую -кенмю;ск;298000000264;1
298000000389;юояую кенмю;ск;298000000264;1
298000000350;юояую-кенмю;ск;298000000264;1
298000000733;юояумю кенмю;ск;298000000264;1
298000000992;юпдгхмаю;ск;298000000264;1
298000002266;юьуюпсю;ск;298000000264;1
298000002056;а. люпкхмяйнцн;ск;298000000264;1
298000000351;а. ьхмйсаю;ск;298000000264;1
298000002300;аюпжхж;ск;298000000264;1
298000001049;анярюмдфъмю;ск;298000000264;1
298000001050;ап. дгъоьхою;ск;298000000264;1
298000000783;апюрэеб дфюоьхою;ск;298000000264;1
298000000352;ап.дфюоьхою;ск;298000000264;1
298000000533;ап.дгюоьхою;ск;298000000264;1
298000002087;б. юпдгхмаю;оп-йр;298000000264;1
298000000489;б. юпдгхмаю;ск;298000000264;1
298000001051;б.юпдгхмаю;ск;298000000264;1
298000002314;б.юпдгхмаю оп-р;ск;298000000264;1
298000000734;б.юпгхмаю;ск;298000000264;1
298000000910;ц. даюп;ск;298000000264;1
298000002722;цем. даюп 3- оеп;ск;298000000264;1
298000002493;цем. даюп 3 оеп.;оеп;298000000264;1
298000000784;цем.даюп;ск;298000000264;1
298000000911;цемепюкю даюп;ск;298000000264;1
298000001126;цепнеб 16 люпрю;ск;298000000264;1
298000000735;цслхярхмяйюъ;ск;298000000264;1
298000000642;даюп;ск;298000000264;1
298000000585;делепдфхою;ск;298000000264;1
298000001322;делепдфхою 1;рсо;298000000264;1
298000002290;делепдфхою 3;рсо;298000000264;1
298000002670;делепдфхою 3 ро.;ск;298000000264;1
298000002049;делепдфхою 5;рсо;298000000264;1
298000002617;делепдфхою 7;рсо;298000000264;1
298000000534;днапнббнкэжеб;ск;298000000264;1
298000000390;днапнбнкэжеб;ск;298000000264;1
298000000487;фекегмнднпнфмюъ;ск;298000000264;1
298000000912;фекегмнднпнфмюъ 1-;оеп;298000000264;1
298000002438;фекегмнднпнфмюъ 1-и оеп;ск;298000000264;1
298000000443;фнщйбюпяйюъ;ск;298000000264;1
298000001052;гбюмаю;ск;298000000264;1
298000000353;гбнмаю;ск;298000000264;1
298000002598;хмрепмюжхнмюкэмюъ;ск;298000000264;1
298000000586;йюаюпдхмяйюъ;ск;298000000264;1
298000002431;йюаюпдхмяйюъ 1;рсо;298000000264;1
298000000643;йюаюпдхмяйюъ 1-;оеп;298000000264;1
298000000867;йюаюпдхмяйюъ 3-и;рсо;298000000264;1
298000002217;йюаюпдхмяйюъ 5;рсо;298000000264;1
298000000913;йюлн;ск;298000000264;1
298000002629;йнкухдяйюъ;ск;298000000264;1
298000002426;йнкэжебюъ;ск;298000000264;1
298000000959;йнлюпнбю;ск;298000000264;1
298000002439;йнлянлнкэяйюъ;ск;298000000264;1
298000002469;йнялюмюбрнб;ск;298000000264;1
298000000444;йнялнмюбрнб;ск;298000000264;1
298000000587;кюйнаю;ск;298000000264;1
298000001268;кюйнаю 1-ши оеп.;оеп;298000000264;1
298000000689;кюйнаш;ск;298000000264;1
298000000914;кюйпаю;ск;298000000264;1
298000002544;кюйпаю 1;рсо;298000000264;1
298000000736;кюйпаю 1-;рсо;298000000264;1
298000002088;кюйсаю;ск;298000000264;1
298000001053;кемхмю;ск;298000000264;1
298000000445;кемхмю-цем.даюп;ск;298000000264;1
298000002364;кеплнмрнбю;ск;298000000264;1
298000000391;кеямюъ;ск;298000000264;1
298000000392;лхпю;ск;298000000264;1
298000000354;лнпяйюъ;ск;298000000264;1
298000002713;мююпрюю;ск;298000000264;1
298000000960;мюцнпюмъ;ск;298000000264;1
298000000785;мюпрюю;ск;298000000264;1
298000001163;мюпрнб;ск;298000000264;1
298000000993;нбюъ;оюпй;298000000264;1
298000000737;няерхмяйюъ;ск;298000000264;1
298000002115;нрйнппейрхпнбюм сдк 24.05.2018;ск;298000000264;1
298000000868;оепбнлюияйюъ;ск;298000000264;1
298000000488;охнмепяйюъ;ск;298000000264;1
298000002396;онцпюмхвмюъ;ск;298000000264;1
298000001155;опняоей .б.юпдгхмаю;ск;298000000264;1
298000001323;опняоейр б.юпдгхмаю;ск;298000000264;1
298000001290;опняоейр б.юпгхмаю;ск;298000000264;1
298000000588;оп-р б. юпдгхмаю;ск;298000000264;1
298000000738;оп-р б.юпдгхмаю;ск;298000000264;1
298000000589;ояюуюпю;ск;298000000264;1
298000000446;п. аюпжхж;ск;298000000264;1
298000002055;п. цеваю;ск;298000000264;1
298000002684;п. цеваю 2-;рсо;298000000264;1
298000002510;п ме нрбевюер;ск;298000000264;1
298000000739;п.аюпжхж;ск;298000000264;1
298000002081;п.цеваю;ск;298000000264;1
298000002392;п.цеваю 3-и;рсо;298000000264;1
298000002076;певмюъ;ск;298000000264;1
298000000644;псяяйху днапнбнкэжеб;ск;298000000264;1
298000000447;псяяйху днпнбнкэжеб;ск;298000000264;1
298000000590;яюър-мнбю;ск;298000000264;1
298000002584;"я/г ""юдгюоь""";ск;298000000264;1
298000002663;я/г югюоь;ск;298000000264;1
298000000786;янбунгмюъ;ск;298000000264;1
298000002156;янбунгмюъ 1 оеп.;оеп;298000000264;1
298000002305;янбунгмюъ 1-ши оеп.;оеп;298000000264;1
298000002708;янямюкхебю;ск;298000000264;1
298000000645;янямнбю;ск;298000000264;1
298000000393;янямнбюъ;ск;298000000264;1
298000002036;я.я нямюкхебю оеп.-3;оеп;298000000264;1
298000002079;я.янямнкхебю;ск;298000000264;1
298000002388;я.янямнкхебю 1-оеп.;оеп;298000000264;1
298000000994;ясусляйне ьняяе;ск;298000000264;1
298000002676;ясусляйне ьняяе 1-ши;рсо;298000000264;1
298000002134;ясусляйне ьняяе 3;рсо;298000000264;1
298000002094;ясусляйне ьняяе 3 оеп;ск;298000000264;1
298000001316;ясусляйне ьняяе 6-;оеп;298000000264;1
298000000831;репеьйнбни;ск;298000000264;1
298000000869;рйбюпвекэяйюъ;ск;298000000264;1
298000000591;рслюмъмю;ск;298000000264;1
298000000535;жхухпбю;ск;298000000264;1
298000002030;вюмаю;ск;298000000264;1
298000000592;вюмаю 4 оеп;ск;298000000264;1
298000001054;вепйеяяйюъ;ск;298000000264;1
298000002384;ьюоясцяйюъ;ск;298000000264;1
298000002655;ьюслъмю;ск;298000000264;1
298000000787;щьаю;ск;298000000264;1
298000001164;1 йюаюпдхмяйюъ;рсо;298000000264;1
298000000690;1 оеп а. люпкхмяйнцн;ск;298000000264;1
298000001156;1 оеп кюйнаюю;ск;298000000264;1
298000000832;1- п.цеваю;рсо;298000000264;1
298000000646;1-и оеп репеьйнбни;ск;298000000264;1
298000000691;1-оеп а. люпкхмяйнцн;ск;298000000264;1
298000000788;1-оеп аеярсфебю-люпкхмяйнцн;ск;298000000264;1
298000002666;1-ши оеп.репеьйнбни;оеп;298000000264;1
298000000692;1-ши ондцнпмши оеп;ск;298000000264;1
298000000536;1-ши ондцнпмши оеп.;оеп;298000000264;1
298000000394;2-и нйръапэяйхи;оеп;298000000264;1
298000002401;2-и оеп.вюмаю;оеп;298000000264;1
298000001317;2-и ондцнпмши;оеп;298000000264;1
298000001261;2-и ондцнпмши оеп.;оеп;298000000264;1
298000002600;2-иоеп.вюмаю;оеп;298000000264;1
298000000789;2-оеп кюйнаю;ск;298000000264;1
298000001055;3 йюаюпдхмяйюъ;рсо;298000000264;1
298000002374;рпсднбюъ;ск;298000000271;1
298000001291;юйхпрюбю;ск;298000000275;1
298000002491;бейсю;ск;298000000275;1
298000002659;юоревмюъ;ск;298000000279;1
298000002528;цнпэйнцн;ск;298000000279;1
298000002604;днапнбнкэжеб;ск;298000000279;1
298000002553;дпсфаш;ск;298000000279;1
298000002571;фекегмнднпнфмюъ;ск;298000000279;1
298000002275;йюпэепмюъ;ск;298000000279;1
298000001238;кюйнаю;ск;298000000279;1
298000002583;кемхмю;ск;298000000279;1
298000000481;мюцнпмюъ;ск;298000000279;1
298000000578;нйръапэяйюъ;ск;298000000279;1
298000001042;оеп. юдшцнб;оеп;298000000279;1
298000002660;оеп. кемхмю;оеп;298000000279;1
298000002034;оеп.кемхмю;оеп;298000000279;1
298000002201;опхлнпяйюъ;ск;298000000279;1
298000002390;осьйхмю;ск;298000000279;1
298000002548;рслюмъмю;ск;298000000279;1
298000000482;ьюслъмю;ск;298000000279;1
298000002572;щьаю;ск;298000000279;1
298000002077;щьаю 3-и оеп.;оеп;298000000279;1
298000002381;1-ши оеп.кюйнаю;оеп;298000000279;1
298000002027;3-хи оеп. кюйнаю;оеп;298000000279;1
298000002649;3-и оеп. кюйнаю;оеп;298000000279;1
298000002206;лхпю;оп-йр;298000000285;1
298000000366;юдшцюю;ск;298000000292;1
298000000703;юплъмяйюъ;ск;298000000292;1
298000000367;ю/т цюцпхоь;ск;298000000292;1
298000000843;бхмнцпюдмюъ;ск;298000000292;1
298000002575;цскхю;ск;298000000292;1
298000000971;цскхъ;ск;298000000292;1
298000002574;цскхъ 2-и оеп.;оеп;298000000292;1
298000000553;йюлн;ск;298000000292;1
298000000662;йнлюпнбю;ск;298000000292;1
298000000554;йнлн;ск;298000000292;1
298000002608;йнялюмюбрнб;ск;298000000292;1
298000002538;йнялнмюбрнб;ск;298000000292;1
298000002106;йнялнмюбрнб 1 оеп.;оеп;298000000292;1
298000000410;лхпю;ск;298000000292;1
298000001276;нбюъ;оюпй;298000000292;1
298000000555;оеянвмюъ;ск;298000000292;1
298000002446;онцпюмхвмюъ;ск;298000000292;1
298000001011;я/г юдгюоь;ск;298000000292;1
298000001066;я/г юдгюоью;ск;298000000292;1
298000001296;я/г юдгъоь;ск;298000000292;1
298000002344;я/г юпгюоь;ск;298000000292;1
298000002117;янбу. цюцпхоь;ск;298000000292;1
298000000663;ясусляйне ьняяе;ск;298000000292;1
298000000972;ясусляйне ьняяе оеп.6;оеп;298000000292;1
298000000509;ясусляйне ьняяе 3 -оеп.;оеп;298000000292;1
298000002246;ясусляйне ьняяе 3 оеп.;оеп;298000000292;1
298000000462;ясусляйне ьняяе 6-;оеп;298000000292;1
298000000844;ясусляйне ьняяе 6 оеп.;оеп;298000000292;1
298000000881;ясусл.ьняяе;ск;298000000292;1
298000000801;рйбюпвекэяйюъ;ск;298000000292;1
298000001171;тпсйрнбюъ;ск;298000000292;1
298000000664;вепйеяяйюъ;ск;298000000292;1
298000002063;щьаю 1-оеп.;оеп;298000000292;1
298000002180;щьаю 1-ши оеп.;оеп;298000000292;1
298000002672;1-ши оеп.ясусляйне ьняяе;оеп;298000000292;1
298000002552;2-е нрд.орхжетюапхйх;ск;298000000292;1
298000000556;3- оеп. ясусляйне ьняяе;оеп;298000000292;1
298000002308;3 оеп. ясусляйне ьняяе;оеп;298000000292;1
298000001277;6-и оеп. ясусляйне ьняяе;оеп;298000000292;1
298000002298;аюцпюлъмю;ск;298000000295;1
298000000439;деонбяйюъ;ск;298000000295;1
298000002272;ьюслъмю;ск;298000000295;1
298000001150;бнем.ясу.днп.;ск;298000000296;1
298000001099;бнем.ясу.кнп.;ск;298000000296;1
298000002235;йнкэжебюъ;ск;298000000296;1
298000001288;осьйхмю;ск;298000000296;1
298000002189;кюаюусю;ск;298000000297;1
298000000872;юафсияйне ьняяе;ск;298000000298;1
298000000653;юаф.ьняяе;ск;298000000298;1
298000002127;юидцшкюпю;ск;298000000298;1
298000001057;юояхкэяйюъ;ск;298000000298;1
298000002135;а. аюцаю;ск;298000000298;1
298000001286;аюцаю;ск;298000000298;1
298000002129;аюрюмхвеяйюъ;ск;298000000298;1
298000002328;а.аюцюршп;ск;298000000298;1
298000001240;анрюмхвеяйюъ;ск;298000000298;1
298000002702;д. ахцбюбю;ск;298000000298;1
298000000917;д.ахцбюбю;ск;298000000298;1
298000001058;йнкэжебюъ;ск;298000000298;1
298000000400;йнмярхрсжхх;ок;298000000298;1
298000002142;йнмярхрсжхх;ск;298000000298;1
298000002501;йнмярхрсжхи;ок;298000000298;1
298000001098;йнмярхрсжхи;ск;298000000298;1
298000001256;йспнпрмюъ;ск;298000000298;1
298000001293;йспнпрмши оеп.;оеп;298000000298;1
298000000360;я.м.кемхмю;ск;298000000298;1
298000002341;юдшцеияйюъ;ск;298000000300;1
298000001244;цнвсю;ск;298000000300;1
298000002096;цнвсю 1;оп-йр;298000000300;1
298000002745;мнцнпмюъ;ск;298000000300;1
298000001315;сдк опнбепемн бяе бепмн;ск;298000000301;1
298000002474;кемхмю;ск;298000000312;1
298000002705;й. внвункхъ;ск;298000000313;1
298000001314;мюцнпмши оеп;ск;298000000313;1
298000001272;мюцнпмши оеп.;оеп;298000000313;1
298000002460;щярнмяйюъ;ск;298000000317;1
298000002744;мнбюъ;ск;298000001087;1
298000002075;ов-1;ск;298000001087;1
298000002110;юпдгхмаю;ск;298000001184;1
298000002547;юпдгхмаю б. ц.;ск;298000001184;1
298000002353;юпдгхмаю б.ц.;ск;298000001184;1
298000002069;юпяюск;ск;298000001184;1
298000002029;бнйгюкэмюъ;ск;298000001184;1
298000002747;йспнпрмюъ;ск;298000001184;1
298000002409;йъуаю;ск;298000001184;1
298000002534;кюдюпхъ;ск;298000001184;1
298000002136;кюйнаю;ск;298000001184;1
298000002124;нпкхмне цмегдн;ск;298000001184;1
298000002200;нпкрмне цмегдн;ск;298000001184;1
298000002082;ояшпжую;ск;298000001184;1
298000002052;вюмаю;ск;298000001184;1
298000002303;щьаю;ск;298000001184;1
298000002125;дгхдгюпхъ;ск;298000001325;1
298000002432;мююяйюъ;ск;298000001325;1
298000002514;певмюъ;ск;298000001325;1
